Year,Round,Pick,Player,Team,POS
2016,1,1,Antonio Brown,Chaz,WR
2016,1,2,Julio Jones,Bean,WR
2016,1,3,Odell Beckham Jr.,Rob,WR
2016,1,4,Todd Gurley,Fried,RB
2016,1,5,Adrian Peterson,Sean,RB
2016,1,6,David Johnson,Cory,RB
2016,1,7,Le'Veon Bell,Trev,RB
2016,1,8,A.J. Green,Brandon,WR
2016,1,9,Allen Robinson,Jay,WR
2016,1,10,DeAndre Hopkins,Sammy,WR
2016,1,11,Randall Cobb,Fred,WR
2016,1,12,Brandon Marshall,KB,WR
2016,2,13,Dez Bryant,KB,WR
2016,2,14,C.J. Anderson,Fred,RB
2016,2,15,Ezekiel Elliott,Sammy,RB
2016,2,16,Jordy Nelson,Jay,WR
2016,2,17,T.Y. Hilton,Brandon,WR
2016,2,18,Amari Cooper,Trev,WR
2016,2,19,Mike Evans,Cory,WR
2016,2,20,Alshon Jeffery,Sean,WR
2016,2,21,Jamaal Charles,Fried,RB
2016,2,22,LeSean McCoy,Rob,RB
2016,2,23,Keenan Allen,Bean,WR
2016,2,24,Devonta Freeman,Chaz,RB
2016,3,25,Demaryius Thomas,Chaz,WR
2016,3,26,Mark Ingram,Bean,RB
2016,3,27,Kelvin Benjamin,Rob,WR
2016,3,28,Brandin Cooks,Fried,WR
2016,3,29,Cam Newton,Sean,QB
2016,3,30,Thomas Rawls,Cory,RB
2016,3,31,Jordan Reed,Trev,TE
2016,3,32,Aaron Rodgers,Brandon,QB
2016,3,33,Eddie Lacy,Jay,RB
2016,3,34,Sammy Watkins,Sammy,WR
2016,3,35,Golden Tate,Fred,WR
2016,3,36,Lamar Miller,KB,RB
2016,4,37,Rob Gronkowski,KB,TE
2016,4,38,Doug Martin,Fred,RB
2016,4,39,Jarvis Landry,Sammy,WR
2016,4,40,Ben Roethlisberger,Jay,QB
2016,4,41,Latavius Murray,Brandon,RB
2016,4,42,Jeremy Maclin,Trev,WR
2016,4,43,Eric Decker,Cory,WR
2016,4,44,Julian Edelman,Sean,WR
2016,4,45,Drew Brees,Fried,QB
2016,4,46,Donte Moncrief,Rob,WR
2016,4,47,Josh Gordon,Bean,WR
2016,4,48,Andrew Luck,Chaz,QB
2016,5,49,Greg Olsen,Chaz,TE
2016,5,50,Arian Foster,Bean,RB
2016,5,51,Carlos Hyde,Rob,RB
2016,5,52,Allen Hurns,Fried,WR
2016,5,53,Jonathan Stewart,Sean,RB
2016,5,54,Emmanuel Sanders,Cory,WR
2016,5,55,Dion Lewis,Trev,RB
2016,5,56,Matt Forte,Brandon,RB
2016,5,57,Doug Baldwin,Jay,WR
2016,5,58,Jeremy Hill,Sammy,RB
2016,5,59,Jordan Matthews,Fred,WR
2016,5,60,Melvin Gordon,KB,RB
2016,6,61,Vincent Jackson,KB,WR
2016,6,62,Delanie Walker,Fred,TE
2016,6,63,Travis Kelce,Sammy,TE
2016,6,64,DeAngelo Williams,Jay,RB
2016,6,65,John Brown,Brandon,WR
2016,6,66,Matt Jones,Trev,RB
2016,6,67,Russell Wilson,Cory,QB
2016,6,68,Tyler Eifert,Sean,TE
2016,6,69,Larry Fitzgerald,Fried,WR
2016,6,70,Tom Brady,Rob,QB
2016,6,71,Michael Crabtree,Bean,WR
2016,6,72,DeMarco Murray,Chaz,RB
2016,7,73,DeVante Parker,Chaz,WR
2016,7,74,Blake Bortles,Bean,QB
2016,7,75,Michael Floyd,Rob,WR
2016,7,76,Carolina,Fried,DEF
2016,7,77,DeSean Jackson,Sean,WR
2016,7,78,Marvin Jones Jr.,Cory,WR
2016,7,79,Stefon Diggs,Trev,WR
2016,7,80,Jay Ajayi,Brandon,RB
2016,7,81,Danny Woodhead,Jay,RB
2016,7,82,Jeremy Langford,Sammy,RB
2016,7,83,Tyler Lockett,Fred,WR
2016,7,84,Darren Sproles,KB,RB
2016,8,85,James Starks,KB,RB
2016,8,86,Giovani Bernard,Fred,RB
2016,8,87,Markus Wheaton,Sammy,WR
2016,8,88,Devin Funchess,Jay,WR
2016,8,89,Coby Fleener,Brandon,TE
2016,8,90,Sterling Shepard,Trev,WR
2016,8,91,Ryan Mathews,Cory,RB
2016,8,92,Rashad Jennings,Sean,RB
2016,8,93,Tavon Austin,Fried,WR
2016,8,94,Carson Palmer,Rob,QB
2016,8,95,Ameer Abdullah,Bean,RB
2016,8,96,Charles Sims,Chaz,RB
2016,9,97,Dorial Green-Beckham,Chaz,WR
2016,9,98,Steve Smith Sr.,Bean,WR
2016,9,99,Duke Johnson Jr.,Rob,RB
2016,9,100,Gary Barnidge,Fried,TE
2016,9,101,Stephen Gostkowski,Sean,K
2016,9,102,Antonio Gates,Cory,TE
2016,9,103,Frank Gore,Trev,RB
2016,9,104,Corey Coleman,Brandon,WR
2016,9,105,Jared Cook,Jay,TE
2016,9,106,Chris Ivory,Sammy,RB
2016,9,107,Tevin Coleman,Fred,RB
2016,9,108,Derek Carr,KB,QB
2016,10,109,Josh Doctson,KB,WR
2016,10,110,Kevin White,Fred,WR
2016,10,111,Denver,Sammy,DEF
2016,10,112,T.J. Yeldon,Jay,RB
2016,10,113,Jimmy Graham,Brandon,TE
2016,10,114,Kirk Cousins,Trev,QB
2016,10,115,Willie Snead,Cory,WR
2016,10,116,Seattle,Sean,DEF
2016,10,117,Laquon Treadwell,Fried,WR
2016,10,118,Zach Ertz,Rob,TE
2016,10,119,Julius Thomas,Bean,TE
2016,10,120,Travis Benjamin,Chaz,WR
2016,11,121,Javorius Allen,Chaz,RB
2016,11,122,Justin Forsett,Bean,RB
2016,11,123,Mason Crosby,Rob,K
2016,11,124,Bilal Powell,Fried,RB
2016,11,125,Victor Cruz,Sean,WR
2016,11,126,Chris Johnson,Cory,RB
2016,11,127,LeGarrette Blount,Trev,RB
2016,11,128,Kansas City,Brandon,DEF
2016,11,129,Houston,Jay,DEF
2016,11,130,Darren McFadden,Sammy,RB
2016,11,131,Michael Thomas,Fred,WR
2016,11,132,Green Bay,KB,DEF
2016,12,133,Mike Wallace,KB,WR
2016,12,134,Derrick Henry,Fred,RB
2016,12,135,Kamar Aiken,Sammy,WR
2016,12,136,Ladarius Green,Jay,TE
2016,12,137,New York,Brandon,DEF
2016,12,138,Torrey Smith,Trev,WR
2016,12,139,Nelson Agholor,Cory,WR
2016,12,140,Cameron Artis-Payne,Sean,RB
2016,12,141,Steven Hauschka,Fried,K
2016,12,142,Pierre Garcon,Rob,WR
2016,12,143,Arizona,Bean,DEF
2016,12,144,Justin Tucker,Chaz,K
2016,13,145,New England,Chaz,DEF
2016,13,146,Rishard Matthews,Bean,WR
2016,13,147,Karlos Williams,Rob,RB
2016,13,148,Tyler Boyd,Fried,WR
2016,13,149,Jason Witten,Sean,TE
2016,13,150,Philadelphia,Cory,DEF
2016,13,151,Theo Riddick,Trev,RB
2016,13,152,Ryan Tannehill,Brandon,QB
2016,13,153,Jameis Winston,Jay,QB
2016,13,154,Dan Bailey,Sammy,K
2016,13,155,Joe Flacco,Fred,QB
2016,13,156,Ted Ginn Jr.,KB,WR
2016,14,157,Graham Gano,KB,K
2016,14,158,Marcus Mariota,Fred,QB
2016,14,159,Tyrod Taylor,Sammy,QB
2016,14,160,Brandon McManus,Jay,K
2016,14,161,Chris Boswell,Brandon,K
2016,14,162,Zach Miller,Trev,TE
2016,14,163,Cairo Santos,Cory,K
2016,14,164,Matt Asiata,Sean,RB
2016,14,165,Philip Rivers,Fried,QB
2016,14,166,Phillip Dorsett,Rob,WR
2016,14,167,Chandler Catanzaro,Bean,K
2016,14,168,Sammie Coates,Chaz,WR
2015,1,1,Adrian Peterson,Rob,RB
2015,1,2,Le'Veon Bell,Cory,RB
2015,1,3,Jamaal Charles,Tyler,RB
2015,1,4,Eddie Lacy,Jay,RB
2015,1,5,Antonio Brown,KB,WR
2015,1,6,Dez Bryant,Bean,WR
2015,1,7,Marshawn Lynch,Trev,RB
2015,1,8,Demaryius Thomas,Fried,WR
2015,1,9,DeMarco Murray,Chaz,RB
2015,1,10,Odell Beckham Jr.,Sammy,WR
2015,1,11,Aaron Rodgers,Fred,QB
2015,1,12,Rob Gronkowski,Sean,TE
2015,2,13,LeGarrette Blount,Sean,RB
2015,2,14,Mike Evans,Fred,WR
2015,2,15,Jordy Nelson,Sammy,WR
2015,2,16,Randall Cobb,Chaz,WR
2015,2,17,Julio Jones,Fried,WR
2015,2,18,LeSean McCoy,Trev,RB
2015,2,19,Andrew Luck,Bean,QB
2015,2,20,Matt Forte,KB,RB
2015,2,21,C.J. Anderson,Jay,RB
2015,2,22,Calvin Johnson,Tyler,WR
2015,2,23,A.J. Green,Cory,WR
2015,2,24,Jeremy Hill,Rob,RB
2015,3,25,Jimmy Graham,Rob,TE
2015,3,26,Justin Forsett,Cory,RB
2015,3,27,Emmanuel Sanders,Tyler,WR
2015,3,28,Alshon Jeffery,Jay,WR
2015,3,29,Alfred Morris,KB,RB
2015,3,30,DeAndre Hopkins,Bean,WR
2015,3,31,Andre Johnson,Trev,WR
2015,3,32,Melvin Gordon,Fried,RB
2015,3,33,Lamar Miller,Chaz,RB
2015,3,34,Mark Ingram,Sammy,RB
2015,3,35,T.Y. Hilton,Fred,WR
2015,3,36,Julian Edelman,Sean,WR
2015,4,37,Tom Brady,Sean,QB
2015,4,38,Jordan Matthews,Fred,WR
2015,4,39,Martavis Bryant,Sammy,WR
2015,4,40,Brandin Cooks,Chaz,WR
2015,4,41,Carlos Hyde,Fried,RB
2015,4,42,Peyton Manning,Trev,QB
2015,4,43,Frank Gore,Bean,RB
2015,4,44,Golden Tate,KB,WR
2015,4,45,Allen Robinson,Jay,WR
2015,4,46,Keenan Allen,Tyler,WR
2015,4,47,DeSean Jackson,Cory,WR
2015,4,48,Amari Cooper,Rob,WR
2015,5,49,Nelson Agholor,Rob,WR
2015,5,50,Jonathan Stewart,Cory,RB
2015,5,51,Latavius Murray,Tyler,RB
2015,5,52,Travis Kelce,Jay,TE
2015,5,53,Brandon Marshall,KB,WR
2015,5,54,Ameer Abdullah,Bean,RB
2015,5,55,Jeremy Maclin,Trev,WR
2015,5,56,Vincent Jackson,Fried,WR
2015,5,57,Charles Johnson,Chaz,WR
2015,5,58,Todd Gurley,Sammy,RB
2015,5,59,Joseph Randle,Fred,RB
2015,5,60,Brandon LaFell,Sean,WR
2015,6,61,Jonas Gray,Sean,RB
2015,6,62,Greg Olsen,Fred,TE
2015,6,63,Andre Ellington,Sammy,RB
2015,6,64,C.J. Spiller,Chaz,RB
2015,6,65,Victor Cruz,Fried,WR
2015,6,66,Martellus Bennett,Trev,TE
2015,6,67,Arian Foster,Bean,RB
2015,6,68,Mike Wallace,KB,WR
2015,6,69,Ben Roethlisberger,Jay,QB
2015,6,70,Russell Wilson,Tyler,QB
2015,6,71,Sammy Watkins,Cory,WR
2015,6,72,Steve Smith Sr.,Rob,WR
2015,7,73,Tony Romo,Rob,QB
2015,7,74,Zach Ertz,Cory,TE
2015,7,75,Seattle,Tyler,DEF
2015,7,76,T.J. Yeldon,Jay,RB
2015,7,77,Rashad Jennings,KB,RB
2015,7,78,Roddy White,Bean,WR
2015,7,79,Jarvis Landry,Trev,WR
2015,7,80,Matt Ryan,Fried,QB
2015,7,81,Larry Fitzgerald,Chaz,WR
2015,7,82,Drew Brees,Sammy,QB
2015,7,83,Joique Bell,Fred,RB
2015,7,84,New England,Sean,DEF
2015,8,85,Stephen Gostkowski,Sean,K
2015,8,86,Doug Martin,Fred,RB
2015,8,87,Jordan Cameron,Sammy,TE
2015,8,88,Jason Witten,Chaz,TE
2015,8,89,Alfred Blue,Fried,RB
2015,8,90,Houston,Trev,DEF
2015,8,91,Eric Decker,Bean,WR
2015,8,92,Michael Floyd,KB,WR
2015,8,93,Davante Adams,Jay,WR
2015,8,94,Chris Ivory,Tyler,RB
2015,8,95,John Brown,Cory,WR
2015,8,96,Ryan Mathews,Rob,RB
2015,9,97,Anquan Boldin,Rob,WR
2015,9,98,Shane Vereen,Cory,RB
2015,9,99,Delanie Walker,Tyler,TE
2015,9,100,Pierre Garcon,Jay,WR
2015,9,101,Eli Manning,KB,QB
2015,9,102,Giovani Bernard,Bean,RB
2015,9,103,Isaiah Crowell,Trev,RB
2015,9,104,Julius Thomas,Fried,TE
2015,9,105,Matthew Stafford,Chaz,QB
2015,9,106,Torrey Smith,Sammy,WR
2015,9,107,Darren McFadden,Fred,RB
2015,9,108,Danny Amendola,Sean,WR
2015,10,109,James White,Sean,RB
2015,10,110,Kendall Wright,Fred,WR
2015,10,111,Tre Mason,Sammy,RB
2015,10,112,Devonta Freeman,Chaz,RB
2015,10,113,Philadelphia,Fried,DEF
2015,10,114,Eddie Royal,Trev,WR
2015,10,115,Devin Funchess,Bean,WR
2015,10,116,Reggie Bush,KB,RB
2015,10,117,Buffalo,Jay,DEF
2015,10,118,Marques Colston,Tyler,WR
2015,10,119,Cam Newton,Cory,QB
2015,10,120,Kenny Stills,Rob,WR
2015,11,121,Cody Latimer,Rob,WR
2015,11,122,Mohamed Sanu,Cory,WR
2015,11,123,Bishop Sankey,Tyler,RB
2015,11,124,Breshad Perriman,Jay,WR
2015,11,125,Darren Sproles,KB,RB
2015,11,126,Tevin Coleman,Bean,RB
2015,11,127,Knile Davis,Trev,RB
2015,11,128,Terrance Williams,Fried,WR
2015,11,129,Adam Vinatieri,Chaz,K
2015,11,130,Los Angeles,Sammy,DEF
2015,11,131,Charles Sims,Fred,RB
2015,11,132,Brandon Bolden,Sean,RB
2015,12,133,Jimmy Garoppolo,Sean,QB
2015,12,134,Markus Wheaton,Fred,WR
2015,12,135,Steven Hauschka,Sammy,K
2015,12,136,David Cobb,Chaz,RB
2015,12,137,Dan Bailey,Fried,K
2015,12,138,Michael Crabtree,Trev,WR
2015,12,139,Dwayne Allen,Bean,TE
2015,12,140,Owen Daniels,KB,TE
2015,12,141,DeAngelo Williams,Jay,RB
2015,12,142,Marvin Jones Jr.,Tyler,WR
2015,12,143,Ronnie Hillman,Cory,RB
2015,12,144,Arizona,Rob,DEF
2015,13,145,Mason Crosby,Rob,K
2015,13,146,Sam Bradford,Cory,QB
2015,13,147,Kyle Rudolph,Tyler,TE
2015,13,148,Connor Barth,Jay,K
2015,13,149,Ryan Tannehill,KB,QB
2015,13,150,Stevie Johnson,Bean,WR
2015,13,151,Fred Jackson,Trev,RB
2015,13,152,Philip Rivers,Fried,QB
2015,13,153,Marcus Mariota,Chaz,QB
2015,13,154,Brian Quick,Sammy,WR
2015,13,155,Danny Woodhead,Fred,RB
2015,13,156,Scott Chandler,Sean,TE
2015,14,157,Fred Davis,Sean,TE
2015,14,158,James Starks,Fred,RB
2015,14,159,Colin Kaepernick,Sammy,QB
2015,14,160,New York,Chaz,DEF
2015,14,161,Duke Johnson Jr.,Fried,RB
2015,14,162,Doug Baldwin,Trev,WR
2015,14,163,Daniel Herron,Bean,RB
2015,14,164,Andrew Hawkins,KB,WR
2015,14,165,Jameis Winston,Jay,QB
2015,14,166,Blair Walsh,Tyler,K
2015,14,167,Justin Tucker,Cory,K
2015,14,168,Matt Asiata,Rob,RB
2014,1,1,LeSean McCoy,KB,RB
2014,1,2,Jamaal Charles,Sammy,RB
2014,1,3,Adrian Peterson,Tyler,RB
2014,1,4,Calvin Johnson,Sean,WR
2014,1,5,Matt Forte,Trev,RB
2014,1,6,Eddie Lacy,Fred,RB
2014,1,7,Jimmy Graham,Cory,TE
2014,1,8,Demaryius Thomas,Bean,WR
2014,1,9,Marshawn Lynch,Jay,RB
2014,1,10,A.J. Green,Timmy,WR
2014,1,11,Dez Bryant,Fried,WR
2014,1,12,DeMarco Murray,Rob,RB
2014,2,1,Peyton Manning,Rob,QB
2014,2,2,Montee Ball,Fried,RB
2014,2,3,Drew Brees,Timmy,QB
2014,2,4,Aaron Rodgers,Jay,QB
2014,2,5,Brandon Marshall,Bean,WR
2014,2,6,Le'Veon Bell,Cory,RB
2014,2,7,Julio Jones,Fred,WR
2014,2,8,Alfred Morris,Trev,RB
2014,2,9,Julius Thomas,Sean,TE
2014,2,10,Alshon Jeffery,Tyler,WR
2014,2,11,Jordy Nelson,Sammy,WR
2014,2,12,Larry Fitzgerald,KB,WR
2014,3,1,Zac Stacy,KB,RB
2014,3,2,Antonio Brown,Sammy,WR
2014,3,3,Arian Foster,Tyler,RB
2014,3,4,Doug Martin,Sean,RB
2014,3,5,Vincent Jackson,Trev,WR
2014,3,6,Andre Ellington,Fred,RB
2014,3,7,Randall Cobb,Cory,WR
2014,3,8,Matthew Stafford,Bean,QB
2014,3,9,Rob Gronkowski,Jay,TE
2014,3,10,Giovani Bernard,Timmy,RB
2014,3,11,Toby Gerhart,Fried,RB
2014,3,12,Roddy White,Rob,WR
2014,4,1,Keenan Allen,Rob,WR
2014,4,2,Victor Cruz,Fried,WR
2014,4,3,Percy Harvin,Timmy,WR
2014,4,4,Andre Johnson,Jay,WR
2014,4,5,Reggie Bush,Bean,RB
2014,4,6,C.J. Spiller,Cory,RB
2014,4,7,Pierre Garcon,Fred,WR
2014,4,8,Wes Welker,Trev,WR
2014,4,9,Frank Gore,Sean,RB
2014,4,10,Michael Crabtree,Tyler,WR
2014,4,11,Ryan Mathews,Sammy,RB
2014,4,12,Andrew Luck,KB,QB
2014,5,1,T.Y. Hilton,KB,WR
2014,5,2,Jordan Cameron,Sammy,TE
2014,5,3,Cordarrelle Patterson,Tyler,WR
2014,5,4,Marques Colston,Sean,WR
2014,5,5,DeSean Jackson,Trev,WR
2014,5,6,Vernon Davis,Fred,TE
2014,5,7,Jeremy Maclin,Cory,WR
2014,5,8,Torrey Smith,Bean,WR
2014,5,9,Emmanuel Sanders,Jay,WR
2014,5,10,Mike Wallace,Timmy,WR
2014,5,11,Cam Newton,Fried,QB
2014,5,12,Steven Jackson,Rob,RB
2014,6,1,Sammy Watkins,Rob,WR
2014,6,2,Seattle,Fried,DEF
2014,6,3,Bishop Sankey,Timmy,RB
2014,6,4,Reggie Wayne,Jay,WR
2014,6,5,Rashad Jennings,Bean,RB
2014,6,6,Nick Foles,Cory,QB
2014,6,7,Michael Floyd,Fred,WR
2014,6,8,Matt Ryan,Trev,QB
2014,6,9,Dwayne Bowe,Sean,WR
2014,6,10,Jason Witten,Tyler,TE
2014,6,11,Julian Edelman,Sammy,WR
2014,6,12,Anquan Boldin,KB,WR
2014,7,1,Chris Johnson,KB,RB
2014,7,2,Golden Tate,Sammy,WR
2014,7,3,San Francisco,Tyler,DEF
2014,7,4,Tom Brady,Sean,QB
2014,7,5,Jordan Reed,Trev,TE
2014,7,6,Shane Vereen,Fred,RB
2014,7,7,Stevan Ridley,Cory,RB
2014,7,8,Ray Rice,Bean,RB
2014,7,9,Lamar Miller,Jay,RB
2014,7,10,Tavon Austin,Timmy,WR
2014,7,11,Mike Evans,Fried,WR
2014,7,12,Riley Cooper,Rob,WR
2014,8,1,Ben Tate,Rob,RB
2014,8,2,Zach Ertz,Fried,TE
2014,8,3,Joique Bell,Timmy,RB
2014,8,4,Khiry Robinson,Jay,RB
2014,8,5,Hakeem Nicks,Bean,WR
2014,8,6,Brandin Cooks,Cory,WR
2014,8,7,Terrance Williams,Fred,WR
2014,8,8,Kendall Wright,Trev,WR
2014,8,9,Jerricho Cotchery,Sean,WR
2014,8,10,Eric Decker,Tyler,WR
2014,8,11,Trent Richardson,Sammy,RB
2014,8,12,Greg Olsen,KB,TE
2014,9,1,Danny Amendola,KB,WR
2014,9,2,Cecil Shorts III,Sammy,WR
2014,9,3,Bernard Pierce,Tyler,RB
2014,9,4,James Jones,Sean,WR
2014,9,5,Kelvin Benjamin,Trev,WR
2014,9,6,Pierre Thomas,Fred,RB
2014,9,7,Maurice Jones-Drew,Cory,RB
2014,9,8,Darren Sproles,Bean,RB
2014,9,9,Jarrett Boykin,Jay,WR
2014,9,10,Dennis Pitta,Timmy,TE
2014,9,11,Andre Williams,Fried,RB
2014,9,12,Josh Gordon,Rob,WR
2014,10,1,Kyle Rudolph,Rob,TE
2014,10,2,DeAndre Hopkins,Fried,WR
2014,10,3,Justin Hunter,Timmy,WR
2014,10,4,Los Angeles,Jay,DEF
2014,10,5,Robert Griffin III,Bean,QB
2014,10,6,Jordan Matthews,Cory,WR
2014,10,7,Jay Cutler,Fred,QB
2014,10,8,Danny Woodhead,Trev,RB
2014,10,9,Rueben Randle,Sean,WR
2014,10,10,Colin Kaepernick,Tyler,QB
2014,10,11,Tony Romo,Sammy,QB
2014,10,12,Greg Jennings,KB,WR
2014,11,1,Mark Ingram,KB,RB
2014,11,2,Stevie Johnson,Sammy,WR
2014,11,3,Chris Ivory,Tyler,RB
2014,11,4,Ben Roethlisberger,Sean,QB
2014,11,5,Fred Jackson,Trev,RB
2014,11,6,Donald Brown,Fred,RB
2014,11,7,Carolina,Cory,DEF
2014,11,8,Carlos Hyde,Bean,RB
2014,11,9,Andrew Hawkins,Jay,WR
2014,11,10,Arizona,Timmy,DEF
2014,11,11,Stephen Gostkowski,Fried,K
2014,11,12,Kansas City,Rob,DEF
2014,12,1,Terrance West,Rob,RB
2014,12,2,Philip Rivers,Fried,QB
2014,12,3,Markus Wheaton,Timmy,WR
2014,12,4,Shonn Greene,Jay,RB
2014,12,5,Kenny Britt,Bean,WR
2014,12,6,Jacquizz Rodgers,Cory,RB
2014,12,7,Devonta Freeman,Fred,RB
2014,12,8,Cincinnati,Trev,DEF
2014,12,9,DeAngelo Williams,Sean,RB
2014,12,10,Rod Streater,Tyler,WR
2014,12,11,Darren McFadden,Sammy,RB
2014,12,12,Johnny Manziel,KB,QB
2014,13,1,Russell Wilson,KB,QB
2014,13,2,Andy Dalton,Sammy,QB
2014,13,3,Marvin Jones Jr.,Tyler,WR
2014,13,4,Baltimore,Sean,DEF
2014,13,5,Steve Smith Sr.,Trev,WR
2014,13,6,Kenny Stills,Fred,WR
2014,13,7,Ryan Tannehill,Cory,QB
2014,13,8,Marqise Lee,Bean,WR
2014,13,9,Odell Beckham Jr.,Jay,WR
2014,13,10,Eric Ebron,Timmy,TE
2014,13,11,Doug Baldwin,Fried,WR
2014,13,12,Matt Prater,Rob,K
2014,14,1,Kenbrell Thompkins,Rob,WR
2014,14,2,Knowshon Moreno,Fried,RB
2014,14,3,Phil Dawson,Timmy,K
2014,14,4,Adam Vinatieri,Jay,K
2014,14,5,New England,Bean,DEF
2014,14,6,Mason Crosby,Cory,K
2014,14,7,Steven Hauschka,Fred,K
2014,14,8,Justin Tucker,Trev,K
2014,14,9,Blair Walsh,Sean,K
2014,14,10,Miles Austin,Tyler,WR
2014,14,11,Buffalo,Sammy,DEF
2014,14,12,Malcom Floyd,KB,WR
2013,1,1,Adrian Peterson,Bean,RB
2013,1,2,Doug Martin,Jay,RB
2013,1,3,C.J. Spiller,Fried,RB
2013,1,4,Arian Foster,Trev,RB
2013,1,5,Dez Bryant,Sammy,WR
2013,1,6,LeSean McCoy,Rob,RB
2013,1,7,Jamaal Charles,Tyler,RB
2013,1,8,Calvin Johnson,Sean,WR
2013,1,9,Ray Rice,KB,RB
2013,1,10,Marshawn Lynch,Fred,RB
2013,1,11,Alfred Morris,Chaz,RB
2013,1,12,Trent Richardson,Cory,RB
2013,2,1,A.J. Green,Cory,WR
2013,2,2,Chris Johnson,Chaz,RB
2013,2,3,Steven Jackson,Fred,RB
2013,2,4,Matt Forte,KB,RB
2013,2,5,Drew Brees,Sean,QB
2013,2,6,Brandon Marshall,Tyler,WR
2013,2,7,Maurice Jones-Drew,Rob,RB
2013,2,8,Aaron Rodgers,Sammy,QB
2013,2,9,Julio Jones,Trev,WR
2013,2,10,Stevan Ridley,Fried,RB
2013,2,11,Jimmy Graham,Jay,TE
2013,2,12,Larry Fitzgerald,Bean,WR
2013,3,1,Victor Cruz,Bean,WR
2013,3,2,Frank Gore,Jay,RB
2013,3,3,Roddy White,Fried,WR
2013,3,4,Andre Johnson,Trev,WR
2013,3,5,Demaryius Thomas,Sammy,WR
2013,3,6,Dwayne Bowe,Rob,WR
2013,3,7,Cam Newton,Tyler,QB
2013,3,8,Vincent Jackson,Sean,WR
2013,3,9,Peyton Manning,KB,QB
2013,3,10,Randall Cobb,Fred,WR
2013,3,11,Tavon Austin,Chaz,WR
2013,3,12,Wes Welker,Cory,WR
2013,4,1,Eric Decker,Cory,WR
2013,4,2,Pierre Garcon,Chaz,WR
2013,4,3,Danny Amendola,Fred,WR
2013,4,4,Marques Colston,KB,WR
2013,4,5,Reggie Wayne,Sean,WR
2013,4,6,Steve Smith Sr.,Tyler,WR
2013,4,7,Torrey Smith,Rob,WR
2013,4,8,Reggie Bush,Sammy,RB
2013,4,9,Tony Gonzalez,Trev,TE
2013,4,10,Russell Wilson,Fried,QB
2013,4,11,James Jones,Jay,WR
2013,4,12,Jason Witten,Bean,TE
2013,5,1,Le'Veon Bell,Bean,RB
2013,5,2,Robert Griffin III,Jay,QB
2013,5,3,Antonio Brown,Fried,WR
2013,5,4,David Wilson,Trev,RB
2013,5,5,Darren McFadden,Sammy,RB
2013,5,6,DeSean Jackson,Rob,WR
2013,5,7,Darren Sproles,Tyler,RB
2013,5,8,DeMarco Murray,Sean,RB
2013,5,9,Hakeem Nicks,KB,WR
2013,5,10,Rob Gronkowski,Fred,TE
2013,5,11,Mike Wallace,Chaz,WR
2013,5,12,Montee Ball,Cory,RB
2013,6,1,Tom Brady,Cory,QB
2013,6,2,Andrew Luck,Chaz,QB
2013,6,3,Lamar Miller,Fred,RB
2013,6,4,Stevie Johnson,KB,WR
2013,6,5,Eddie Lacy,Sean,RB
2013,6,6,Jordy Nelson,Tyler,WR
2013,6,7,Matt Ryan,Rob,QB
2013,6,8,Golden Tate,Sammy,WR
2013,6,9,T.Y. Hilton,Trev,WR
2013,6,10,Greg Olsen,Fried,TE
2013,6,11,Mike Williams,Jay,WR
2013,6,12,Matthew Stafford,Bean,QB
2013,7,1,Anquan Boldin,Bean,WR
2013,7,2,Greg Jennings,Jay,WR
2013,7,3,Seattle,Fried,DEF
2013,7,4,Ahmad Bradshaw,Trev,RB
2013,7,5,Lance Moore,Sammy,WR
2013,7,6,Sidney Rice,Rob,WR
2013,7,7,Chris Ivory,Tyler,RB
2013,7,8,Ryan Mathews,Sean,RB
2013,7,9,Vernon Davis,KB,TE
2013,7,10,Colin Kaepernick,Fred,QB
2013,7,11,Rashard Mendenhall,Chaz,RB
2013,7,12,Josh Gordon,Cory,WR
2013,8,1,Martellus Bennett,Cory,TE
2013,8,2,Coby Fleener,Chaz,TE
2013,8,3,Jermichael Finley,Fred,TE
2013,8,4,San Francisco,KB,DEF
2013,8,5,Kenny Britt,Sean,WR
2013,8,6,Kyle Rudolph,Tyler,TE
2013,8,7,Owen Daniels,Rob,TE
2013,8,8,Chicago,Sammy,DEF
2013,8,9,Mike Vick,Trev,QB
2013,8,10,Vick Ballard,Fried,RB
2013,8,11,Miles Austin,Jay,WR
2013,8,12,Vincent Brown,Bean,WR
2013,9,1,Daryl Richardson,Bean,RB
2013,9,2,Denver,Jay,DEF
2013,9,3,Malcom Floyd,Fried,WR
2013,9,4,Cordarrelle Patterson,Trev,WR
2013,9,5,BenJarvus Green-Ellis,Sammy,RB
2013,9,6,Arizona,Rob,DEF
2013,9,7,Justin Blackmon,Tyler,WR
2013,9,8,Brandon Myers,Sean,TE
2013,9,9,Matt Bryant,KB,K
2013,9,10,Giovani Bernard,Fred,RB
2013,9,11,Mark Ingram,Chaz,RB
2013,9,12,Bryce Brown,Cory,RB
2013,10,1,Shane Vereen,Cory,RB
2013,10,2,Darrius Heyward-Bey,Chaz,WR
2013,10,3,Bilal Powell,Fred,RB
2013,10,4,Michael Floyd,KB,WR
2013,10,5,Cincinnati,Sean,DEF
2013,10,6,Houston,Tyler,DEF
2013,10,7,Ben Tate,Rob,RB
2013,10,8,Antonio Gates,Sammy,TE
2013,10,9,Tony Romo,Trev,QB
2013,10,10,Eli Manning,Fried,QB
2013,10,11,Ronnie Hillman,Jay,RB
2013,10,12,Emmanuel Sanders,Bean,WR
2013,11,1,DeAndre Hopkins,Bean,WR
2013,11,2,Andy Dalton,Jay,QB
2013,11,3,Alshon Jeffery,Fried,WR
2013,11,4,DeAngelo Williams,Trev,RB
2013,11,5,Fred Jackson,Sammy,RB
2013,11,6,Brian Hartline,Rob,WR
2013,11,7,Robert Woods,Tyler,WR
2013,11,8,Aaron Dobson,Sean,WR
2013,11,9,Jonathan Stewart,KB,RB
2013,11,10,Denarius Moore,Fred,WR
2013,11,11,New England,Chaz,DEF
2013,11,12,Bernard Pierce,Cory,RB
2013,12,1,Jacquizz Rodgers,Cory,RB
2013,12,2,Stephen Gostkowski,Chaz,K
2013,12,3,Cecil Shorts III,Fred,WR
2013,12,4,Rod Streater,KB,WR
2013,12,5,Sebastian Janikowski,Sean,K
2013,12,6,Danny Woodhead,Tyler,RB
2013,12,7,Alex Henery,Rob,K
2013,12,8,Kendall Wright,Sammy,WR
2013,12,9,Minnesota,Trev,DEF
2013,12,10,Isaiah Pead,Fried,RB
2013,12,11,Jacoby Jones,Jay,WR
2013,12,12,Andre Brown,Bean,RB
2012,1,1,Tom Brady,Sean,QB
2012,1,2,LeSean McCoy,KB,RB
2012,1,3,Ray Rice,Cory,RB
2012,1,4,Aaron Rodgers,Jay,QB
2012,1,5,Arian Foster,Bean,RB
2012,1,6,Calvin Johnson,Fred,WR
2012,1,7,Chris Johnson,Trev,RB
2012,1,8,Darren McFadden,Rob,RB
2012,1,9,Maurice Jones-Drew,Tyler,RB
2012,1,10,Drew Brees,Fried,QB
2012,1,11,Matt Forte,Sammy,RB
2012,1,12,Rob Gronkowski,Jack,TE
2012,2,1,Cam Newton,Jack,QB
2012,2,2,Adrian Peterson,Sammy,RB
2012,2,3,DeMarco Murray,Fried,RB
2012,2,4,Larry Fitzgerald,Tyler,WR
2012,2,5,Jimmy Graham,Rob,TE
2012,2,6,Brandon Marshall,Trev,WR
2012,2,7,Trent Richardson,Fred,RB
2012,2,8,Victor Cruz,Bean,WR
2012,2,9,Jamaal Charles,Jay,RB
2012,2,10,Andre Johnson,Cory,WR
2012,2,11,Julio Jones,KB,WR
2012,2,12,Wes Welker,Sean,WR
2012,3,1,Michael Turner,Sean,RB
2012,3,2,A.J. Green,KB,WR
2012,3,3,Greg Jennings,Cory,WR
2012,3,4,Marshawn Lynch,Jay,RB
2012,3,5,Ryan Mathews,Bean,RB
2012,3,6,Matthew Stafford,Fred,QB
2012,3,7,Ahmad Bradshaw,Trev,RB
2012,3,8,Steven Jackson,Rob,RB
2012,3,9,Hakeem Nicks,Tyler,WR
2012,3,10,Miles Austin,Fried,WR
2012,3,11,Roddy White,Sammy,WR
2012,3,12,Fred Jackson,Jack,RB
2012,4,1,Frank Gore,Jack,RB
2012,4,2,Mike Wallace,Sammy,WR
2012,4,3,Shonn Greene,Fried,RB
2012,4,4,Darren Sproles,Tyler,RB
2012,4,5,Steve Smith Sr.,Rob,WR
2012,4,6,Marques Colston,Trev,WR
2012,4,7,Dez Bryant,Fred,WR
2012,4,8,Jeremy Maclin,Bean,WR
2012,4,9,Kenny Britt,Jay,WR
2012,4,10,Mike Vick,Cory,QB
2012,4,11,Reggie Bush,KB,RB
2012,4,12,Jordy Nelson,Sean,WR
2012,5,1,Willis McGahee,Sean,RB
2012,5,2,Eric Decker,KB,WR
2012,5,3,DeSean Jackson,Cory,WR
2012,5,4,Antonio Brown,Jay,WR
2012,5,5,Tony Romo,Bean,QB
2012,5,6,Antonio Gates,Fred,TE
2012,5,7,Peyton Manning,Trev,QB
2012,5,8,Brandon Lloyd,Rob,WR
2012,5,9,Percy Harvin,Tyler,WR
2012,5,10,Vincent Jackson,Fried,WR
2012,5,11,Stevie Johnson,Sammy,WR
2012,5,12,Demaryius Thomas,Jack,WR
2012,6,1,Torrey Smith,Jack,WR
2012,6,2,Philip Rivers,Sammy,QB
2012,6,3,Jermichael Finley,Fried,TE
2012,6,4,Vernon Davis,Tyler,TE
2012,6,5,Robert Griffin III,Rob,QB
2012,6,6,Jason Witten,Trev,TE
2012,6,7,Doug Martin,Fred,RB
2012,6,8,BenJarvus Green-Ellis,Bean,RB
2012,6,9,Aaron Hernandez,Jay,TE
2012,6,10,Isaac Redman,Cory,RB
2012,6,11,Matt Ryan,KB,QB
2012,6,12,Dwayne Bowe,Sean,WR
2012,7,1,Tony Gonzalez,Sean,TE
2012,7,2,San Francisco,KB,DEF
2012,7,3,Fred Davis,Cory,TE
2012,7,4,Reggie Wayne,Jay,WR
2012,7,5,Anquan Boldin,Bean,WR
2012,7,6,Mikeie Wells,Fred,RB
2012,7,7,Michael Crabtree,Trev,WR
2012,7,8,Pierre Garcon,Rob,WR
2012,7,9,Roy Helu Jr.,Tyler,RB
2012,7,10,Justin Blackmon,Fried,WR
2012,7,11,Malcom Floyd,Sammy,WR
2012,7,12,James Starks,Jack,RB
2012,8,1,Denarius Moore,Jack,WR
2012,8,2,Jacob Tamme,Sammy,TE
2012,8,3,Chicago,Fried,DEF
2012,8,4,Baltimore,Tyler,DEF
2012,8,5,Jahvid Best,Rob,RB
2012,8,6,Rashard Mendenhall,Trev,RB
2012,8,7,Randy Moss,Fred,WR
2012,8,8,Sidney Rice,Bean,WR
2012,8,9,Jonathan Stewart,Jay,RB
2012,8,10,Stevan Ridley,Cory,RB
2012,8,11,Mark Ingram,KB,RB
2012,8,12,Eli Manning,Sean,QB
2012,9,1,C.J. Spiller,Sean,RB
2012,9,2,Brandon Pettigrew,KB,TE
2012,9,3,Terrell Owens,Cory,WR
2012,9,4,Pittsburgh,Jay,DEF
2012,9,5,Ben Tate,Bean,RB
2012,9,6,Santonio Holmes,Fred,WR
2012,9,7,Brandon Stokley,Trev,WR
2012,9,8,Robert Meachem,Rob,WR
2012,9,9,Jay Cutler,Tyler,QB
2012,9,10,DeAngelo Williams,Fried,RB
2012,9,11,Austin Collie,Sammy,WR
2012,9,12,Darrius Heyward-Bey,Jack,WR
2012,10,1,Andrew Luck,Jack,QB
2012,10,2,Donald Brown,Sammy,RB
2012,10,3,Danny Amendola,Fried,WR
2012,10,4,Alshon Jeffery,Tyler,WR
2012,10,5,Philadelphia,Rob,DEF
2012,10,6,Green Bay,Trev,DEF
2012,10,7,LeGarrette Blount,Fred,RB
2012,10,8,Chad Johnson,Bean,WR
2012,10,9,Nate Washington,Jay,WR
2012,10,10,Ben Roethlisberger,Cory,QB
2012,10,11,David Akers,KB,K
2012,10,12,Seattle,Sean,DEF
2012,11,1,Lance Moore,Sean,WR
2012,11,2,Jason Avant,KB,WR
2012,11,3,Titus Young,Cory,WR
2012,11,4,Andy Dalton,Jay,QB
2012,11,5,Tim Tebow,Bean,QB
2012,11,6,Houston,Fred,DEF
2012,11,7,Ryan Williams,Trev,RB
2012,11,8,Sebastian Janikowski,Rob,K
2012,11,9,Stephen Gostkowski,Tyler,K
2012,11,10,Josh Freeman,Fried,QB
2012,11,11,Detroit,Sammy,DEF
2012,11,12,New York,Jack,DEF
2012,12,1,Mason Crosby,Jack,K
2012,12,2,Matt Schaub,Sammy,QB
2012,12,3,Dan Bailey,Fried,K
2012,12,4,Michael Bush,Tyler,RB
2012,12,6,Matt Prater,Trev,K
2012,12,8,Ronnie Brown,Bean,RB
2012,12,9,Peyton Hillis,Jay,RB
2012,12,10,Alex Henery,Cory,K
2012,12,12,Rob Bironas,Sean,K
2011,1,1,Adrian Peterson,Trev,RB
2011,1,2,Arian Foster,Cory,RB
2011,1,3,Chris Johnson,Jay,RB
2011,1,4,Jamaal Charles,Sammy,RB
2011,1,5,Ray Rice,Bean,RB
2011,1,6,Michael Turner,KB,RB
2011,1,7,Andre Johnson,Sean,WR
2011,1,8,Mike Vick,Chaz,QB
2011,1,9,Aaron Rodgers,Tyler,QB
2011,1,10,Maurice Jones-Drew,Fred,RB
2011,1,11,Drew Brees,Brandon,QB
2011,1,12,Rashard Mendenhall,Fried,RB
2011,2,1,Tom Brady,Fried,QB
2011,2,2,Calvin Johnson,Fred,WR
2011,2,3,LeSean McCoy,Tyler,RB
2011,2,4,Larry Fitzgerald,Chaz,WR
2011,2,5,Peyton Manning,Sean,QB
2011,2,6,Frank Gore,KB,RB
2011,2,7,Darren McFadden,Brandon,RB
2011,2,8,Roddy White,Bean,WR
2011,2,9,Philip Rivers,Sammy,QB
2011,2,10,Peyton Hillis,Jay,RB
2011,2,11,Steven Jackson,Cory,RB
2011,2,12,Matt Forte,Trev,RB
2011,3,1,Hakeem Nicks,Trev,WR
2011,3,2,Vincent Jackson,Cory,WR
2011,3,3,Greg Jennings,Jay,WR
2011,3,4,Reggie Wayne,Sammy,WR
2011,3,5,LeGarrette Blount,Bean,RB
2011,3,6,DeSean Jackson,Brandon,WR
2011,3,7,Mike Wallace,KB,WR
2011,3,8,Antonio Gates,Sean,TE
2011,3,9,Shonn Greene,Chaz,RB
2011,3,10,Miles Austin,Tyler,WR
2011,3,11,Ahmad Bradshaw,Fred,RB
2011,3,12,Dwayne Bowe,Fried,WR
2011,4,1,Vernon Davis,Fried,TE
2011,4,2,Dez Bryant,Fred,WR
2011,4,3,DeAngelo Williams,Tyler,RB
2011,4,4,Ryan Mathews,Chaz,RB
2011,4,5,Marshawn Lynch,Sean,RB
2011,4,6,Mike Williams,KB,WR
2011,4,7,BenJarvus Green-Ellis,Brandon,RB
2011,4,8,Chad Johnson,Bean,WR
2011,4,9,Brandon Lloyd,Sammy,WR
2011,4,10,Jason Witten,Jay,TE
2011,4,11,Marques Colston,Cory,WR
2011,4,12,Jermichael Finley,Trev,TE
2011,5,1,Santonio Holmes,Trev,WR
2011,5,2,Brandon Marshall,Cory,WR
2011,5,3,Anquan Boldin,Jay,WR
2011,5,4,Dallas Clark,Sammy,TE
2011,5,5,Stevie Johnson,Bean,WR
2011,5,6,Michael Crabtree,Brandon,WR
2011,5,7,Matt Schaub,KB,QB
2011,5,8,Wes Welker,Sean,WR
2011,5,9,Percy Harvin,Chaz,WR
2011,5,10,Jeremy Maclin,Tyler,WR
2011,5,11,Knowshon Moreno,Fred,RB
2011,5,12,Cedric Benson,Fried,RB
2011,6,1,Santana Moss,Fried,WR
2011,6,2,Tony Romo,Fred,QB
2011,6,3,Mario Manningham,Tyler,WR
2011,6,4,Steve Smith Sr.,Chaz,WR
2011,6,5,Ryan Grant,Sean,RB
2011,6,6,Kenny Britt,KB,WR
2011,6,7,Austin Collie,Brandon,WR
2011,6,8,Ben Roethlisberger,Bean,QB
2011,6,9,Sidney Rice,Sammy,WR
2011,6,10,Matt Ryan,Jay,QB
2011,6,11,Fred Jackson,Cory,RB
2011,6,12,Josh Freeman,Trev,QB
2011,7,1,Braylon Edwards,Trev,WR
2011,7,2,Mark Ingram,Cory,RB
2011,7,3,Hines Ward,Jay,WR
2011,7,4,Daniel Thomas,Sammy,RB
2011,7,5,Roy Williams,Bean,WR
2011,7,6,Reggie Bush,Brandon,RB
2011,7,7,Pittsburgh,KB,DEF
2011,7,8,A.J. Green,Sean,WR
2011,7,9,Marcedes Lewis,Chaz,TE
2011,7,10,Green Bay,Tyler,DEF
2011,7,11,Jahvid Best,Fred,RB
2011,7,12,Johnny Knox,Fried,WR
2011,8,1,Chicago,Fried,DEF
2011,8,2,Plaxico Burress,Fred,WR
2011,8,3,Tony Gonzalez,Tyler,TE
2011,8,4,Malcom Floyd,Chaz,WR
2011,8,5,Jonathan Stewart,Sean,RB
2011,8,6,Joseph Addai,KB,RB
2011,8,7,Eli Manning,Brandon,QB
2011,8,8,Felix Jones,Bean,RB
2011,8,9,Ryan Torain,Sammy,RB
2011,8,10,Philadelphia,Jay,DEF
2011,8,11,Julio Jones,Cory,WR
2011,8,12,Lance Moore,Trev,WR
2011,9,1,Brandon Jacobs,Trev,RB
2011,9,2,Owen Daniels,Cory,TE
2011,9,3,Mikeie Wells,Jay,RB
2011,9,4,New England,Sammy,DEF
2011,9,5,Mikel Leshoure,Bean,RB
2011,9,6,Jimmy Graham,Brandon,TE
2011,9,7,Jordy Nelson,KB,WR
2011,9,8,Baltimore,Sean,DEF
2011,9,9,Ryan Williams,Chaz,RB
2011,9,10,Mike Thomas,Tyler,WR
2011,9,11,Mike Sims-Walker,Fred,WR
2011,9,12,Mike Tolbert,Fried,RB
2011,10,1,Jacoby Ford,Fried,WR
2011,10,2,Kellen Winslow,Fred,TE
2011,10,3,LaDainian Tomlinson,Tyler,RB
2011,10,4,Pierre Garcon,Chaz,WR
2011,10,5,Davone Bess,Sean,WR
2011,10,6,Nate Kaeding,KB,K
2011,10,7,New York,Brandon,DEF
2011,10,8,Jerome Simpson,Bean,WR
2011,10,9,Willis McGahee,Sammy,RB
2011,10,10,Deion Branch,Jay,WR
2011,10,11,Joe Flacco,Cory,QB
2011,10,12,Ronnie Brown,Trev,RB
2011,11,1,Atlanta,Trev,DEF
2011,11,2,Kevin Kolb,Cory,QB
2011,11,3,Mason Crosby,Jay,K
2011,11,4,Matt Cassel,Sammy,QB
2011,11,5,Visanthe Shiancoe,Bean,TE
2011,11,6,Garrett Hartley,Brandon,K
2011,11,7,Brent Celek,KB,TE
2011,11,8,Stephen Gostkowski,Sean,K
2011,11,9,Jay Cutler,Chaz,QB
2011,11,10,Donald Driver,Tyler,WR
2011,11,11,Los Angeles,Fred,DEF
2011,11,12,Neil Rackers,Fried,K
2011,12,1,Matthew Stafford,Fried,QB
2011,12,2,Randy Moss,Fred,WR
2011,12,3,Ryan Longwell,Tyler,K
2011,12,4,New York,Chaz,DEF
2011,12,5,Sam Bradford,Sean,QB
2011,12,6,Michael Bush,KB,RB
2011,12,7,Derrick Mason,Brandon,WR
2011,12,8,Danny Amendola,Bean,WR
2011,12,9,Alex Henery,Sammy,K
2011,12,10,Kyle Orton,Jay,QB
2011,12,11,Detroit,Cory,DEF
2011,12,12,Danny Woodhead,Trev,RB
