Team,Year,Season,Week,Opponent,Outcome,Score,Points For,Points Against,Margin of Victory,Opponent Name,Real Opponent Name
Bean,2016,6,1,avatarYawnchy Patterson,Win,113.80 - 100.56,113.8,100.56,13.24,avatarYawnchy Patterson,Brandon
Bean,2016,6,2,avatarMihir The Deer,Win,113.36 - 97.56,113.36,97.56,15.8,avatarMihir The Deer,Jay
Bean,2016,6,3,avatarDr. Big Fried,Loss,86.06 - 90.24,86.06,90.24,-4.18,avatarDr. Big Fried,Fried
Bean,2016,6,4,avatarTevin's Trashwagon,Win,144.88 - 39.92,144.88,39.92,104.96,avatarTevin's Trashwagon,Fred
Bean,2016,6,5,avatar막iebzz,Win,109.70 - 37.96,109.7,37.96,71.74,avatar막iebzz,Sean
Bean,2016,6,6,avatarDeezNuts4Prez,Win,107.64 - 90.52,107.64,90.52,17.12,avatarDeezNuts4Prez,Trev
Bean,2016,6,7,avatarI am The Liquor,Win,126.34 - 95.10,126.34,95.1,31.24,avatarI am The Liquor,KB
Bean,2016,6,8,avatar맚he green bastard,Loss,79.50 - 124.10,79.5,124.1,-44.6,avatar맚he green bastard,Sammy
Bean,2016,6,9,avatarThe Brady Bunch,Win,110.84 - 106.88,110.84,106.88,3.96,avatarThe Brady Bunch,Rob
Bean,2016,6,10,avatarㅁ Team Has No Name,Loss,91.02 - 121.98,91.02,121.98,-30.96,avatarㅁ Team Has No Name,Chaz
Bean,2016,6,11,avatarJoel Embiigdickholes,Loss,58.60 - 117.10,58.6,117.1,-58.5,avatarJoel Embiigdickholes,Cory
Bean,2016,6,12,avatarYawnchy Patterson,Loss,69.94 - 88.62,69.94,88.62,-18.68,avatarYawnchy Patterson,Brandon
Bean,2016,6,13,avatarMihir The Deer,Win,132.14 - 87.04,132.14,87.04,45.1,avatarMihir The Deer,Jay
Fred,2016,6,1,avatar맚he green bastard,Win,84.40 - 75.66,84.4,75.66,8.74,avatar맚he green bastard,Sammy
Fred,2016,6,2,avatarDr. Big Fried,Loss,79.10 - 95.32,79.1,95.32,-16.22,avatarDr. Big Fried,Fried
Fred,2016,6,3,avatarThe Brady Bunch,Win,120.50 - 95.18,120.5,95.18,25.32,avatarThe Brady Bunch,Rob
Fred,2016,6,4,avatarBeanbags,Loss,39.92 - 144.88,39.92,144.88,-104.96,avatarBeanbags,Bean
Fred,2016,6,5,avatarㅁ Team Has No Name,Loss,81.30 - 143.70,81.3,143.7,-62.4,avatarㅁ Team Has No Name,Chaz
Fred,2016,6,6,avatar막iebzz,Loss,90.10 - 93.68,90.1,93.68,-3.58,avatar막iebzz,Sean
Fred,2016,6,7,avatarJoel Embiigdickholes,Loss,70.28 - 107.72,70.28,107.72,-37.44,avatarJoel Embiigdickholes,Cory
Fred,2016,6,8,avatarDeezNuts4Prez,Loss,57.16 - 109.46,57.16,109.46,-52.3,avatarDeezNuts4Prez,Trev
Fred,2016,6,9,avatarYawnchy Patterson,Loss,54.86 - 150.38,54.86,150.38,-95.52,avatarYawnchy Patterson,Brandon
Fred,2016,6,10,avatarI am The Liquor,Loss,83.76 - 92.44,83.76,92.44,-8.68,avatarI am The Liquor,KB
Fred,2016,6,11,avatarMihir The Deer,Loss,75.98 - 85.90,75.98,85.9,-9.92,avatarMihir The Deer,Jay
Fred,2016,6,12,avatar맚he green bastard,Loss,73.18 - 97.20,73.18,97.2,-24.02,avatar맚he green bastard,Sammy
Fred,2016,6,13,avatarDr. Big Fried,Loss,79.60 - 105.80,79.6,105.8,-26.2,avatarDr. Big Fried,Fried
Jay,2016,6,1,avatarDr. Big Fried,Win,113.00 - 109.58,113,109.58,3.42,avatarDr. Big Fried,Fried
Jay,2016,6,2,avatarBeanbags,Loss,97.56 - 113.36,97.56,113.36,-15.8,avatarBeanbags,Bean
Jay,2016,6,3,avatar막iebzz,Win,104.48 - 59.28,104.48,59.28,45.2,avatar막iebzz,Sean
Jay,2016,6,4,avatarDeezNuts4Prez,Win,107.50 - 96.42,107.5,96.42,11.08,avatarDeezNuts4Prez,Trev
Jay,2016,6,5,avatarI am The Liquor,Loss,81.70 - 129.58,81.7,129.58,-47.88,avatarI am The Liquor,KB
Jay,2016,6,6,avatar맚he green bastard,Loss,49.36 - 129.14,49.36,129.14,-79.78,avatar맚he green bastard,Sammy
Jay,2016,6,7,avatarThe Brady Bunch,Loss,59.60 - 96.08,59.6,96.08,-36.48,avatarThe Brady Bunch,Rob
Jay,2016,6,8,avatarㅁ Team Has No Name,Loss,62.00 - 91.90,62,91.9,-29.9,avatarㅁ Team Has No Name,Chaz
Jay,2016,6,9,avatarJoel Embiigdickholes,Win,137.72 - 124.94,137.72,124.94,12.78,avatarJoel Embiigdickholes,Cory
Jay,2016,6,10,avatarYawnchy Patterson,Win,130.66 - 103.60,130.66,103.6,27.06,avatarYawnchy Patterson,Brandon
Jay,2016,6,11,avatarTevin's Trashwagon,Win,85.90 - 75.98,85.9,75.98,9.92,avatarTevin's Trashwagon,Fred
Jay,2016,6,12,avatarDr. Big Fried,Win,92.44 - 87.10,92.44,87.1,5.34,avatarDr. Big Fried,Fried
Jay,2016,6,13,avatarBeanbags,Loss,87.04 - 132.14,87.04,132.14,-45.1,avatarBeanbags,Bean
Fried,2016,6,1,avatarMihir The Deer,Loss,109.58 - 113.00,109.58,113,-3.42,avatarMihir The Deer,Jay
Fried,2016,6,2,avatarTevin's Trashwagon,Win,95.32 - 79.10,95.32,79.1,16.22,avatarTevin's Trashwagon,Fred
Fried,2016,6,3,avatarBeanbags,Win,90.24 - 86.06,90.24,86.06,4.18,avatarBeanbags,Bean
Fried,2016,6,4,avatar막iebzz,Win,87.68 - 54.80,87.68,54.8,32.88,avatar막iebzz,Sean
Fried,2016,6,5,avatarDeezNuts4Prez,Loss,106.26 - 107.50,106.26,107.5,-1.24,avatarDeezNuts4Prez,Trev
Fried,2016,6,6,avatarI am The Liquor,Win,118.40 - 74.70,118.4,74.7,43.7,avatarI am The Liquor,KB
Fried,2016,6,7,avatar맚he green bastard,Win,101.78 - 87.88,101.78,87.88,13.9,avatar맚he green bastard,Sammy
Fried,2016,6,8,avatarThe Brady Bunch,Loss,77.94 - 117.80,77.94,117.8,-39.86,avatarThe Brady Bunch,Rob
Fried,2016,6,9,avatarㅁ Team Has No Name,Win,113.72 - 78.14,113.72,78.14,35.58,avatarㅁ Team Has No Name,Chaz
Fried,2016,6,10,avatarJoel Embiigdickholes,Win,107.68 - 95.98,107.68,95.98,11.7,avatarJoel Embiigdickholes,Cory
Fried,2016,6,11,avatarYawnchy Patterson,Loss,77.70 - 111.74,77.7,111.74,-34.04,avatarYawnchy Patterson,Brandon
Fried,2016,6,12,avatarMihir The Deer,Loss,87.10 - 92.44,87.1,92.44,-5.34,avatarMihir The Deer,Jay
Fried,2016,6,13,avatarTevin's Trashwagon,Win,105.80 - 79.60,105.8,79.6,26.2,avatarTevin's Trashwagon,Fred
Sean,2016,6,1,avatarJoel Embiigdickholes,Loss,102.16 - 102.92,102.16,102.92,-0.76,avatarJoel Embiigdickholes,Cory
Sean,2016,6,2,avatarYawnchy Patterson,Loss,85.82 - 92.16,85.82,92.16,-6.34,avatarYawnchy Patterson,Brandon
Sean,2016,6,3,avatarMihir The Deer,Loss,59.28 - 104.48,59.28,104.48,-45.2,avatarMihir The Deer,Jay
Sean,2016,6,4,avatarDr. Big Fried,Loss,54.80 - 87.68,54.8,87.68,-32.88,avatarDr. Big Fried,Fried
Sean,2016,6,5,avatarBeanbags,Loss,37.96 - 109.70,37.96,109.7,-71.74,avatarBeanbags,Bean
Sean,2016,6,6,avatarTevin's Trashwagon,Win,93.68 - 90.10,93.68,90.1,3.58,avatarTevin's Trashwagon,Fred
Sean,2016,6,7,avatarDeezNuts4Prez,Loss,77.54 - 78.26,77.54,78.26,-0.72,avatarDeezNuts4Prez,Trev
Sean,2016,6,8,avatarI am The Liquor,Loss,112.48 - 140.40,112.48,140.4,-27.92,avatarI am The Liquor,KB
Sean,2016,6,9,avatar맚he green bastard,Loss,55.30 - 97.96,55.3,97.96,-42.66,avatar맚he green bastard,Sammy
Sean,2016,6,10,avatarThe Brady Bunch,Loss,70.44 - 82.14,70.44,82.14,-11.7,avatarThe Brady Bunch,Rob
Sean,2016,6,11,avatarㅁ Team Has No Name,Loss,86.08 - 89.62,86.08,89.62,-3.54,avatarㅁ Team Has No Name,Chaz
Sean,2016,6,12,avatarJoel Embiigdickholes,Win,118.64 - 99.56,118.64,99.56,19.08,avatarJoel Embiigdickholes,Cory
Sean,2016,6,13,avatarYawnchy Patterson,Loss,70.88 - 94.96,70.88,94.96,-24.08,avatarYawnchy Patterson,Brandon
Trev,2016,6,1,avatarㅁ Team Has No Name,Loss,88.36 - 119.26,88.36,119.26,-30.9,avatarㅁ Team Has No Name,Chaz
Trev,2016,6,2,avatarJoel Embiigdickholes,Loss,127.16 - 137.34,127.16,137.34,-10.18,avatarJoel Embiigdickholes,Cory
Trev,2016,6,3,avatarYawnchy Patterson,Loss,99.84 - 129.34,99.84,129.34,-29.5,avatarYawnchy Patterson,Brandon
Trev,2016,6,4,avatarMihir The Deer,Loss,96.42 - 107.50,96.42,107.5,-11.08,avatarMihir The Deer,Jay
Trev,2016,6,5,avatarDr. Big Fried,Win,107.50 - 106.26,107.5,106.26,1.24,avatarDr. Big Fried,Fried
Trev,2016,6,6,avatarBeanbags,Loss,90.52 - 107.64,90.52,107.64,-17.12,avatarBeanbags,Bean
Trev,2016,6,7,avatar막iebzz,Win,78.26 - 77.54,78.26,77.54,0.72,avatar막iebzz,Sean
Trev,2016,6,8,avatarTevin's Trashwagon,Win,109.46 - 57.16,109.46,57.16,52.3,avatarTevin's Trashwagon,Fred
Trev,2016,6,9,avatarI am The Liquor,Loss,53.06 - 98.48,53.06,98.48,-45.42,avatarI am The Liquor,KB
Trev,2016,6,10,avatar맚he green bastard,Loss,114.16 - 140.40,114.16,140.4,-26.24,avatar맚he green bastard,Sammy
Trev,2016,6,11,avatarThe Brady Bunch,Win,121.64 - 104.40,121.64,104.4,17.24,avatarThe Brady Bunch,Rob
Trev,2016,6,12,avatarㅁ Team Has No Name,Loss,106.82 - 120.24,106.82,120.24,-13.42,avatarㅁ Team Has No Name,Chaz
Trev,2016,6,13,avatarJoel Embiigdickholes,Loss,117.24 - 118.48,117.24,118.48,-1.24,avatarJoel Embiigdickholes,Cory
KB,2016,6,1,avatarThe Brady Bunch,Loss,103.16 - 105.54,103.16,105.54,-2.38,avatarThe Brady Bunch,Rob
KB,2016,6,2,avatarㅁ Team Has No Name,Win,131.16 - 125.16,131.16,125.16,6,avatarㅁ Team Has No Name,Chaz
KB,2016,6,3,avatarJoel Embiigdickholes,Loss,93.88 - 113.70,93.88,113.7,-19.82,avatarJoel Embiigdickholes,Cory
KB,2016,6,4,avatarYawnchy Patterson,Win,93.14 - 71.94,93.14,71.94,21.2,avatarYawnchy Patterson,Brandon
KB,2016,6,5,avatarMihir The Deer,Win,129.58 - 81.70,129.58,81.7,47.88,avatarMihir The Deer,Jay
KB,2016,6,6,avatarDr. Big Fried,Loss,74.70 - 118.40,74.7,118.4,-43.7,avatarDr. Big Fried,Fried
KB,2016,6,7,avatarBeanbags,Loss,95.10 - 126.34,95.1,126.34,-31.24,avatarBeanbags,Bean
KB,2016,6,8,avatar막iebzz,Win,140.40 - 112.48,140.4,112.48,27.92,avatar막iebzz,Sean
KB,2016,6,9,avatarDeezNuts4Prez,Win,98.48 - 53.06,98.48,53.06,45.42,avatarDeezNuts4Prez,Trev
KB,2016,6,10,avatarTevin's Trashwagon,Win,92.44 - 83.76,92.44,83.76,8.68,avatarTevin's Trashwagon,Fred
KB,2016,6,11,avatar맚he green bastard,Loss,81.00 - 85.20,81,85.2,-4.2,avatar맚he green bastard,Sammy
KB,2016,6,12,avatarThe Brady Bunch,Loss,108.40 - 124.74,108.4,124.74,-16.34,avatarThe Brady Bunch,Rob
KB,2016,6,13,avatarㅁ Team Has No Name,Win,99.80 - 64.82,99.8,64.82,34.98,avatarㅁ Team Has No Name,Chaz
Sammy,2016,6,1,avatarTevin's Trashwagon,Loss,75.66 - 84.40,75.66,84.4,-8.74,avatarTevin's Trashwagon,Fred
Sammy,2016,6,2,avatarThe Brady Bunch,Loss,98.82 - 99.86,98.82,99.86,-1.04,avatarThe Brady Bunch,Rob
Sammy,2016,6,3,avatarㅁ Team Has No Name,Loss,115.26 - 163.04,115.26,163.04,-47.78,avatarㅁ Team Has No Name,Chaz
Sammy,2016,6,4,avatarJoel Embiigdickholes,Loss,106.84 - 117.34,106.84,117.34,-10.5,avatarJoel Embiigdickholes,Cory
Sammy,2016,6,5,avatarYawnchy Patterson,Loss,74.80 - 87.06,74.8,87.06,-12.26,avatarYawnchy Patterson,Brandon
Sammy,2016,6,6,avatarMihir The Deer,Win,129.14 - 49.36,129.14,49.36,79.78,avatarMihir The Deer,Jay
Sammy,2016,6,7,avatarDr. Big Fried,Loss,87.88 - 101.78,87.88,101.78,-13.9,avatarDr. Big Fried,Fried
Sammy,2016,6,8,avatarBeanbags,Win,124.10 - 79.50,124.1,79.5,44.6,avatarBeanbags,Bean
Sammy,2016,6,9,avatar막iebzz,Win,97.96 - 55.30,97.96,55.3,42.66,avatar막iebzz,Sean
Sammy,2016,6,10,avatarDeezNuts4Prez,Win,140.40 - 114.16,140.4,114.16,26.24,avatarDeezNuts4Prez,Trev
Sammy,2016,6,11,avatarI am The Liquor,Win,85.20 - 81.00,85.2,81,4.2,avatarI am The Liquor,KB
Sammy,2016,6,12,avatarTevin's Trashwagon,Win,97.20 - 73.18,97.2,73.18,24.02,avatarTevin's Trashwagon,Fred
Sammy,2016,6,13,avatarThe Brady Bunch,Win,97.00 - 84.16,97,84.16,12.84,avatarThe Brady Bunch,Rob
Rob,2016,6,1,avatarI am The Liquor,Win,105.54 - 103.16,105.54,103.16,2.38,avatarI am The Liquor,KB
Rob,2016,6,2,avatar맚he green bastard,Win,99.86 - 98.82,99.86,98.82,1.04,avatar맚he green bastard,Sammy
Rob,2016,6,3,avatarTevin's Trashwagon,Loss,95.18 - 120.50,95.18,120.5,-25.32,avatarTevin's Trashwagon,Fred
Rob,2016,6,4,avatarㅁ Team Has No Name,Loss,90.66 - 118.84,90.66,118.84,-28.18,avatarㅁ Team Has No Name,Chaz
Rob,2016,6,5,avatarJoel Embiigdickholes,Loss,111.70 - 115.82,111.7,115.82,-4.12,avatarJoel Embiigdickholes,Cory
Rob,2016,6,6,avatarYawnchy Patterson,Win,174.24 - 67.42,174.24,67.42,106.82,avatarYawnchy Patterson,Brandon
Rob,2016,6,7,avatarMihir The Deer,Win,96.08 - 59.60,96.08,59.6,36.48,avatarMihir The Deer,Jay
Rob,2016,6,8,avatarDr. Big Fried,Win,117.80 - 77.94,117.8,77.94,39.86,avatarDr. Big Fried,Fried
Rob,2016,6,9,avatarBeanbags,Loss,106.88 - 110.84,106.88,110.84,-3.96,avatarBeanbags,Bean
Rob,2016,6,10,avatar막iebzz,Win,82.14 - 70.44,82.14,70.44,11.7,avatar막iebzz,Sean
Rob,2016,6,11,avatarDeezNuts4Prez,Loss,104.40 - 121.64,104.4,121.64,-17.24,avatarDeezNuts4Prez,Trev
Rob,2016,6,12,avatarI am The Liquor,Win,124.74 - 108.40,124.74,108.4,16.34,avatarI am The Liquor,KB
Rob,2016,6,13,avatar맚he green bastard,Loss,84.16 - 97.00,84.16,97,-12.84,avatar맚he green bastard,Sammy
Chaz,2016,6,1,avatarDeezNuts4Prez,Win,119.26 - 88.36,119.26,88.36,30.9,avatarDeezNuts4Prez,Trev
Chaz,2016,6,2,avatarI am The Liquor,Loss,125.16 - 131.16,125.16,131.16,-6,avatarI am The Liquor,KB
Chaz,2016,6,3,avatar맚he green bastard,Win,163.04 - 115.26,163.04,115.26,47.78,avatar맚he green bastard,Sammy
Chaz,2016,6,4,avatarThe Brady Bunch,Win,118.84 - 90.66,118.84,90.66,28.18,avatarThe Brady Bunch,Rob
Chaz,2016,6,5,avatarTevin's Trashwagon,Win,143.70 - 81.30,143.7,81.3,62.4,avatarTevin's Trashwagon,Fred
Chaz,2016,6,6,avatarJoel Embiigdickholes,Loss,72.98 - 110.96,72.98,110.96,-37.98,avatarJoel Embiigdickholes,Cory
Chaz,2016,6,7,avatarYawnchy Patterson,Loss,119.62 - 154.84,119.62,154.84,-35.22,avatarYawnchy Patterson,Brandon
Chaz,2016,6,8,avatarMihir The Deer,Win,91.90 - 62.00,91.9,62,29.9,avatarMihir The Deer,Jay
Chaz,2016,6,9,avatarDr. Big Fried,Loss,78.14 - 113.72,78.14,113.72,-35.58,avatarDr. Big Fried,Fried
Chaz,2016,6,10,avatarBeanbags,Win,121.98 - 91.02,121.98,91.02,30.96,avatarBeanbags,Bean
Chaz,2016,6,11,avatar막iebzz,Win,89.62 - 86.08,89.62,86.08,3.54,avatar막iebzz,Sean
Chaz,2016,6,12,avatarDeezNuts4Prez,Win,120.24 - 106.82,120.24,106.82,13.42,avatarDeezNuts4Prez,Trev
Chaz,2016,6,13,avatarI am The Liquor,Loss,64.82 - 99.80,64.82,99.8,-34.98,avatarI am The Liquor,KB
Cory,2016,6,1,avatar막iebzz,Win,102.92 - 102.16,102.92,102.16,0.76,avatar막iebzz,Sean
Cory,2016,6,2,avatarDeezNuts4Prez,Win,137.34 - 127.16,137.34,127.16,10.18,avatarDeezNuts4Prez,Trev
Cory,2016,6,3,avatarI am The Liquor,Win,113.70 - 93.88,113.7,93.88,19.82,avatarI am The Liquor,KB
Cory,2016,6,4,avatar맚he green bastard,Win,117.34 - 106.84,117.34,106.84,10.5,avatar맚he green bastard,Sammy
Cory,2016,6,5,avatarThe Brady Bunch,Win,115.82 - 111.70,115.82,111.7,4.12,avatarThe Brady Bunch,Rob
Cory,2016,6,6,avatarㅁ Team Has No Name,Win,110.96 - 72.98,110.96,72.98,37.98,avatarㅁ Team Has No Name,Chaz
Cory,2016,6,7,avatarTevin's Trashwagon,Win,107.72 - 70.28,107.72,70.28,37.44,avatarTevin's Trashwagon,Fred
Cory,2016,6,8,avatarYawnchy Patterson,Loss,101.84 - 105.24,101.84,105.24,-3.4,avatarYawnchy Patterson,Brandon
Cory,2016,6,9,avatarMihir The Deer,Loss,124.94 - 137.72,124.94,137.72,-12.78,avatarMihir The Deer,Jay
Cory,2016,6,10,avatarDr. Big Fried,Loss,95.98 - 107.68,95.98,107.68,-11.7,avatarDr. Big Fried,Fried
Cory,2016,6,11,avatarBeanbags,Win,117.10 - 58.60,117.1,58.6,58.5,avatarBeanbags,Bean
Cory,2016,6,12,avatar막iebzz,Loss,99.56 - 118.64,99.56,118.64,-19.08,avatar막iebzz,Sean
Cory,2016,6,13,avatarDeezNuts4Prez,Win,118.48 - 117.24,118.48,117.24,1.24,avatarDeezNuts4Prez,Trev
Brandon,2016,6,1,avatarBeanbags,Loss,100.56 - 113.80,100.56,113.8,-13.24,avatarBeanbags,Bean
Brandon,2016,6,2,avatar막iebzz,Win,92.16 - 85.82,92.16,85.82,6.34,avatar막iebzz,Sean
Brandon,2016,6,3,avatarDeezNuts4Prez,Win,129.34 - 99.84,129.34,99.84,29.5,avatarDeezNuts4Prez,Trev
Brandon,2016,6,4,avatarI am The Liquor,Loss,71.94 - 93.14,71.94,93.14,-21.2,avatarI am The Liquor,KB
Brandon,2016,6,5,avatar맚he green bastard,Win,87.06 - 74.80,87.06,74.8,12.26,avatar맚he green bastard,Sammy
Brandon,2016,6,6,avatarThe Brady Bunch,Loss,67.42 - 174.24,67.42,174.24,-106.82,avatarThe Brady Bunch,Rob
Brandon,2016,6,7,avatarㅁ Team Has No Name,Win,154.84 - 119.62,154.84,119.62,35.22,avatarㅁ Team Has No Name,Chaz
Brandon,2016,6,8,avatarJoel Embiigdickholes,Win,105.24 - 101.84,105.24,101.84,3.4,avatarJoel Embiigdickholes,Cory
Brandon,2016,6,9,avatarTevin's Trashwagon,Win,150.38 - 54.86,150.38,54.86,95.52,avatarTevin's Trashwagon,Fred
Brandon,2016,6,10,avatarMihir The Deer,Loss,103.60 - 130.66,103.6,130.66,-27.06,avatarMihir The Deer,Jay
Brandon,2016,6,11,avatarDr. Big Fried,Win,111.74 - 77.70,111.74,77.7,34.04,avatarDr. Big Fried,Fried
Brandon,2016,6,12,avatarBeanbags,Win,88.62 - 69.94,88.62,69.94,18.68,avatarBeanbags,Bean
Brandon,2016,6,13,avatar막iebzz,Win,94.96 - 70.88,94.96,70.88,24.08,avatar막iebzz,Sean
Bean,2015,5,1,Inflate wall,Win,117.72 - 90.34,117.72,90.34,27.38,,Sean
Bean,2015,5,2,THE Grandpa Nes,Loss,56.98 - 124.66,56.98,124.66,-67.68,,Jay
Bean,2015,5,3,Best Hands,Win,92.10 - 87.30,92.1,87.3,4.8,,Trev
Bean,2015,5,4,Big Fried,Win,100.94 - 79.44,100.94,79.44,21.5,,Fried
Bean,2015,5,5,the green bastard,Loss,80.72 - 108.44,80.72,108.44,-27.72,,Sammy
Bean,2015,5,6,Rob Burgundy,Win,127.08 - 91.82,127.08,91.82,35.26,,Rob
Bean,2015,5,7,Margotta,Win,111.72 - 97.60,111.72,97.6,14.12,,Tyler
Bean,2015,5,8,billb's Neat Team,Win,112.44 - 81.28,112.44,81.28,31.16,,Chaz
Bean,2015,5,9,Evil Corp,Loss,77.68 - 122.40,77.68,122.4,-44.72,,Fred
Bean,2015,5,10,cory's Primo Team,Win,110.96 - 109.68,110.96,109.68,1.28,,Cory
Bean,2015,5,11,I am The Liquor,Win,114.48 - 91.14,114.48,91.14,23.34,,KB
Bean,2015,5,12,Inflate wall,Win,143.58 - 61.04,143.58,61.04,82.54,,Sean
Bean,2015,5,13,THE Grandpa Nes,Win,126.00 - 91.96,126,91.96,34.04,,Jay
Sean,2015,5,1,Beanbags,Loss,90.34 - 117.72,90.34,117.72,-27.38,,Bean
Sean,2015,5,2,I am The Liquor,Win,141.36 - 128.30,141.36,128.3,13.06,,KB
Sean,2015,5,3,THE Grandpa Nes,Win,124.14 - 63.28,124.14,63.28,60.86,,Jay
Sean,2015,5,4,Best Hands,Loss,0.00 - 94.00,0,94,-94,,Trev
Sean,2015,5,5,Big Fried,Win,108.34 - 96.36,108.34,96.36,11.98,,Fried
Sean,2015,5,6,the green bastard,Win,112.64 - 100.46,112.64,100.46,12.18,,Sammy
Sean,2015,5,7,Rob Burgundy,Loss,95.62 - 105.48,95.62,105.48,-9.86,,Rob
Sean,2015,5,8,Margotta,Win,131.20 - 87.50,131.2,87.5,43.7,,Tyler
Sean,2015,5,9,billb's Neat Team,Loss,83.78 - 120.26,83.78,120.26,-36.48,,Chaz
Sean,2015,5,10,Evil Corp,Loss,93.66 - 113.82,93.66,113.82,-20.16,,Fred
Sean,2015,5,11,cory's Primo Team,Loss,75.56 - 130.34,75.56,130.34,-54.78,,Cory
Sean,2015,5,12,Beanbags,Loss,61.04 - 143.58,61.04,143.58,-82.54,,Bean
Sean,2015,5,13,I am The Liquor,Loss,84.20 - 121.36,84.2,121.36,-37.16,,KB
Jay,2015,5,1,cory's Primo Team,Win,115.74 - 103.54,115.74,103.54,12.2,,Cory
Jay,2015,5,2,Beanbags,Win,124.66 - 56.98,124.66,56.98,67.68,,Bean
Jay,2015,5,3,Inflate wall,Loss,63.28 - 124.14,63.28,124.14,-60.86,,Sean
Jay,2015,5,4,I am The Liquor,Loss,86.04 - 95.30,86.04,95.3,-9.26,,KB
Jay,2015,5,5,Best Hands,Win,115.74 - 78.64,115.74,78.64,37.1,,Trev
Jay,2015,5,6,Big Fried,Win,97.72 - 89.96,97.72,89.96,7.76,,Fried
Jay,2015,5,7,the green bastard,Loss,95.42 - 106.68,95.42,106.68,-11.26,,Sammy
Jay,2015,5,8,Rob Burgundy,Loss,86.48 - 109.66,86.48,109.66,-23.18,,Rob
Jay,2015,5,9,Margotta,Loss,97.96 - 153.14,97.96,153.14,-55.18,,Tyler
Jay,2015,5,10,billb's Neat Team,Loss,57.28 - 122.22,57.28,122.22,-64.94,,CHaz
Jay,2015,5,11,Evil Corp,Loss,81.12 - 85.78,81.12,85.78,-4.66,,Fred
Jay,2015,5,12,cory's Primo Team,Loss,64.00 - 87.02,64,87.02,-23.02,,Cory
Jay,2015,5,13,Beanbags,Loss,91.96 - 126.00,91.96,126,-34.04,,Bean
Trev,2015,5,1,Evil Corp,Loss,70.28 - 114.06,70.28,114.06,-43.78,,Fred
Trev,2015,5,2,cory's Primo Team,Win,76.14 - 67.26,76.14,67.26,8.88,,Cory
Trev,2015,5,3,Beanbags,Loss,87.30 - 92.10,87.3,92.1,-4.8,,Bean
Trev,2015,5,4,Inflate wall,Win,94.00 - 0.00,94,0,94,,Sean
Trev,2015,5,5,THE Grandpa Nes,Loss,78.64 - 115.74,78.64,115.74,-37.1,,Jay
Trev,2015,5,6,I am The Liquor,Win,92.64 - 79.02,92.64,79.02,13.62,,KB
Trev,2015,5,7,Big Fried,Win,127.24 - 122.22,127.24,122.22,5.02,,Fried
Trev,2015,5,8,the green bastard,Loss,101.78 - 127.84,101.78,127.84,-26.06,,Sammy
Trev,2015,5,9,Rob Burgundy,Loss,74.94 - 102.52,74.94,102.52,-27.58,,Rob
Trev,2015,5,10,Margotta,Win,77.20 - 75.50,77.2,75.5,1.7,,Tyler
Trev,2015,5,11,billb's Neat Team,Win,111.28 - 93.06,111.28,93.06,18.22,,Chaz
Trev,2015,5,12,Evil Corp,Win,145.42 - 61.34,145.42,61.34,84.08,,Fred
Trev,2015,5,13,cory's Primo Team,Win,137.78 - 91.94,137.78,91.94,45.84,,Cory
Fried,2015,5,1,billb's Neat Team,Win,128.82 - 96.04,128.82,96.04,32.78,,Chaz
Fried,2015,5,2,Evil Corp,Win,106.02 - 64.20,106.02,64.2,41.82,,Fred
Fried,2015,5,3,cory's Primo Team,Loss,103.50 - 108.30,103.5,108.3,-4.8,,Cory
Fried,2015,5,4,Beanbags,Loss,79.44 - 100.94,79.44,100.94,-21.5,,Bean
Fried,2015,5,5,Inflate wall,Loss,96.36 - 108.34,96.36,108.34,-11.98,,Sean
Fried,2015,5,6,THE Grandpa Nes,Loss,89.96 - 97.72,89.96,97.72,-7.76,,Jay
Fried,2015,5,7,Best Hands,Loss,122.22 - 127.24,122.22,127.24,-5.02,,Trev
Fried,2015,5,8,I am The Liquor,Loss,105.12 - 129.50,105.12,129.5,-24.38,,KB
Fried,2015,5,9,the green bastard,Loss,106.40 - 116.68,106.4,116.68,-10.28,,Sammy
Fried,2015,5,10,Rob Burgundy,Win,134.12 - 102.98,134.12,102.98,31.14,,Rob
Fried,2015,5,11,Margotta,Loss,45.34 - 91.80,45.34,91.8,-46.46,,Tyler
Fried,2015,5,12,billb's Neat Team,Win,105.54 - 88.00,105.54,88,17.54,,Chaz
Fried,2015,5,13,Evil Corp,Win,129.10 - 120.04,129.1,120.04,9.06,,Fred
Sammy,2015,5,1,Margotta,Loss,77.98 - 105.14,77.98,105.14,-27.16,,Tyler
Sammy,2015,5,2,billb's Neat Team,Loss,60.44 - 113.46,60.44,113.46,-53.02,,Chaz
Sammy,2015,5,3,Evil Corp,Loss,89.88 - 153.64,89.88,153.64,-63.76,,Fred
Sammy,2015,5,4,cory's Primo Team,Win,102.46 - 74.76,102.46,74.76,27.7,,Cory
Sammy,2015,5,5,Beanbags,Win,108.44 - 80.72,108.44,80.72,27.72,,Bean
Sammy,2015,5,6,Inflate wall,Loss,100.46 - 112.64,100.46,112.64,-12.18,,Sean
Sammy,2015,5,7,THE Grandpa Nes,Win,106.68 - 95.42,106.68,95.42,11.26,,Jay
Sammy,2015,5,8,Best Hands,Win,127.84 - 101.78,127.84,101.78,26.06,,Trev
Sammy,2015,5,9,Big Fried,Win,116.68 - 106.40,116.68,106.4,10.28,,Fried
Sammy,2015,5,10,I am The Liquor,Loss,65.36 - 130.00,65.36,130,-64.64,,KB
Sammy,2015,5,11,Rob Burgundy,Win,90.68 - 66.98,90.68,66.98,23.7,,Rob
Sammy,2015,5,12,Margotta,Loss,65.30 - 157.72,65.3,157.72,-92.42,,Tyler
Sammy,2015,5,13,billb's Neat Team,Win,141.18 - 103.42,141.18,103.42,37.76,,Chaz
Rob,2015,5,1,I am The Liquor,Loss,82.88 - 105.68,82.88,105.68,-22.8,,KB
Rob,2015,5,2,Margotta,Win,115.20 - 103.34,115.2,103.34,11.86,,Tyler
Rob,2015,5,3,billb's Neat Team,Win,186.38 - 142.12,186.38,142.12,44.26,,Chaz
Rob,2015,5,4,Evil Corp,Loss,87.00 - 113.48,87,113.48,-26.48,,Fred
Rob,2015,5,5,cory's Primo Team,Loss,75.82 - 114.92,75.82,114.92,-39.1,,Cory
Rob,2015,5,6,Beanbags,Loss,91.82 - 127.08,91.82,127.08,-35.26,,Bean
Rob,2015,5,7,Inflate wall,Win,105.48 - 95.62,105.48,95.62,9.86,,Sean
Rob,2015,5,8,THE Grandpa Nes,Win,109.66 - 86.48,109.66,86.48,23.18,,Jay
Rob,2015,5,9,Best Hands,Win,102.52 - 74.94,102.52,74.94,27.58,,Trev
Rob,2015,5,10,Big Fried,Loss,102.98 - 134.12,102.98,134.12,-31.14,,Fried
Rob,2015,5,11,the green bastard,Loss,66.98 - 90.68,66.98,90.68,-23.7,,Sammy
Rob,2015,5,12,I am The Liquor,Win,112.04 - 88.64,112.04,88.64,23.4,,KB
Rob,2015,5,13,Margotta,Loss,89.44 - 107.52,89.44,107.52,-18.08,,Tyler
Tyler,2015,5,1,the green bastard,Win,105.14 - 77.98,105.14,77.98,27.16,,Sammy
Tyler,2015,5,2,Rob Burgundy,Loss,103.34 - 115.20,103.34,115.2,-11.86,,Rob
Tyler,2015,5,3,I am The Liquor,Win,141.66 - 92.96,141.66,92.96,48.7,,KB
Tyler,2015,5,4,billb's Neat Team,Loss,77.52 - 92.26,77.52,92.26,-14.74,,Chaz
Tyler,2015,5,5,Evil Corp,Loss,79.90 - 127.24,79.9,127.24,-47.34,,Fred
Tyler,2015,5,6,cory's Primo Team,Win,146.92 - 106.40,146.92,106.4,40.52,,Cory
Tyler,2015,5,7,Beanbags,Loss,97.60 - 111.72,97.6,111.72,-14.12,,Bean
Tyler,2015,5,8,Inflate wall,Loss,87.50 - 131.20,87.5,131.2,-43.7,,Sean
Tyler,2015,5,9,THE Grandpa Nes,Win,153.14 - 97.96,153.14,97.96,55.18,,Jay
Tyler,2015,5,10,Best Hands,Loss,75.50 - 77.20,75.5,77.2,-1.7,,Trev
Tyler,2015,5,11,Big Fried,Win,91.80 - 45.34,91.8,45.34,46.46,,Fried
Tyler,2015,5,12,the green bastard,Win,157.72 - 65.30,157.72,65.3,92.42,,Sammy
Tyler,2015,5,13,Rob Burgundy,Win,107.52 - 89.44,107.52,89.44,18.08,,Rob
Chaz,2015,5,1,Big Fried,Loss,96.04 - 128.82,96.04,128.82,-32.78,,Fried
Chaz,2015,5,2,the green bastard,Win,113.46 - 60.44,113.46,60.44,53.02,,Sammy
Chaz,2015,5,3,Rob Burgundy,Loss,142.12 - 186.38,142.12,186.38,-44.26,,Rob
Chaz,2015,5,4,Margotta,Win,92.26 - 77.52,92.26,77.52,14.74,,Tyler
Chaz,2015,5,5,I am The Liquor,Win,140.14 - 99.96,140.14,99.96,40.18,,KB
Chaz,2015,5,6,Evil Corp,Win,118.00 - 97.44,118,97.44,20.56,,Fred
Chaz,2015,5,7,cory's Primo Team,Win,106.04 - 64.10,106.04,64.1,41.94,,Cory
Chaz,2015,5,8,Beanbags,Loss,81.28 - 112.44,81.28,112.44,-31.16,,Bean
Chaz,2015,5,9,Inflate wall,Win,120.26 - 83.78,120.26,83.78,36.48,,Sean
Chaz,2015,5,10,THE Grandpa Nes,Win,122.22 - 57.28,122.22,57.28,64.94,,Jay
Chaz,2015,5,11,Best Hands,Loss,93.06 - 111.28,93.06,111.28,-18.22,,Trev
Chaz,2015,5,12,Big Fried,Loss,88.00 - 105.54,88,105.54,-17.54,,Fried
Chaz,2015,5,13,the green bastard,Loss,103.42 - 141.18,103.42,141.18,-37.76,,Sammy
Fred,2015,5,1,Best Hands,Win,114.06 - 70.28,114.06,70.28,43.78,,Trev
Fred,2015,5,2,Big Fried,Loss,64.20 - 106.02,64.2,106.02,-41.82,,Fried
Fred,2015,5,3,the green bastard,Win,153.64 - 89.88,153.64,89.88,63.76,,Sammy
Fred,2015,5,4,Rob Burgundy,Win,113.48 - 87.00,113.48,87,26.48,,Rob
Fred,2015,5,5,Margotta,Win,127.24 - 79.90,127.24,79.9,47.34,,Tyler
Fred,2015,5,6,billb's Neat Team,Loss,97.44 - 118.00,97.44,118,-20.56,,Chaz
Fred,2015,5,7,I am The Liquor,Loss,74.20 - 92.34,74.2,92.34,-18.14,,KB
Fred,2015,5,8,cory's Primo Team,Win,91.16 - 62.64,91.16,62.64,28.52,,Cory
Fred,2015,5,9,Beanbags,Win,122.40 - 77.68,122.4,77.68,44.72,,Bean
Fred,2015,5,10,Inflate wall,Win,113.82 - 93.66,113.82,93.66,20.16,,Sean
Fred,2015,5,11,THE Grandpa Nes,Win,85.78 - 81.12,85.78,81.12,4.66,,Jay
Fred,2015,5,12,Best Hands,Loss,61.34 - 145.42,61.34,145.42,-84.08,,Trev
Fred,2015,5,13,Big Fried,Loss,120.04 - 129.10,120.04,129.1,-9.06,,Fried
Cory,2015,5,1,THE Grandpa Nes,Loss,103.54 - 115.74,103.54,115.74,-12.2,,Jay
Cory,2015,5,2,Best Hands,Loss,67.26 - 76.14,67.26,76.14,-8.88,,Trev
Cory,2015,5,3,Big Fried,Win,108.30 - 103.50,108.3,103.5,4.8,,Fried
Cory,2015,5,4,the green bastard,Loss,74.76 - 102.46,74.76,102.46,-27.7,,Sammy
Cory,2015,5,5,Rob Burgundy,Win,114.92 - 75.82,114.92,75.82,39.1,,Rob
Cory,2015,5,6,Margotta,Loss,106.40 - 146.92,106.4,146.92,-40.52,,Tyler
Cory,2015,5,7,billb's Neat Team,Loss,64.10 - 106.04,64.1,106.04,-41.94,,Chaz
Cory,2015,5,8,Evil Corp,Loss,62.64 - 91.16,62.64,91.16,-28.52,,Fred
Cory,2015,5,9,I am The Liquor,Loss,134.98 - 153.42,134.98,153.42,-18.44,,KB
Cory,2015,5,10,Beanbags,Loss,109.68 - 110.96,109.68,110.96,-1.28,,Bean
Cory,2015,5,11,Inflate wall,Win,130.34 - 75.56,130.34,75.56,54.78,,Sean
Cory,2015,5,12,THE Grandpa Nes,Win,87.02 - 64.00,87.02,64,23.02,,Jay
Cory,2015,5,13,Best Hands,Loss,91.94 - 137.78,91.94,137.78,-45.84,,Trev
KB,2015,5,1,Rob Burgundy,Win,105.68 - 82.88,105.68,82.88,22.8,,Rob
KB,2015,5,2,Inflate wall,Loss,128.30 - 141.36,128.3,141.36,-13.06,,Sean
KB,2015,5,3,Margotta,Loss,92.96 - 141.66,92.96,141.66,-48.7,,Tyler
KB,2015,5,4,THE Grandpa Nes,Win,95.30 - 86.04,95.3,86.04,9.26,,Jay
KB,2015,5,5,billb's Neat Team,Loss,99.96 - 140.14,99.96,140.14,-40.18,,Chaz
KB,2015,5,6,Best Hands,Loss,79.02 - 92.64,79.02,92.64,-13.62,,Trev
KB,2015,5,7,Evil Corp,Win,92.34 - 74.20,92.34,74.2,18.14,,Fred
KB,2015,5,8,Big Fried,Win,129.50 - 105.12,129.5,105.12,24.38,,Fried
KB,2015,5,9,cory's Primo Team,Win,153.42 - 134.98,153.42,134.98,18.44,,Cory
KB,2015,5,10,the green bastard,Win,130.00 - 65.36,130,65.36,64.64,,Sammy
KB,2015,5,11,Beanbags,Loss,91.14 - 114.48,91.14,114.48,-23.34,,Bean
KB,2015,5,12,Rob Burgundy,Loss,88.64 - 112.04,88.64,112.04,-23.4,,Rob
KB,2015,5,13,Inflate wall,Win,121.36 - 84.20,121.36,84.2,37.16,,Sean
Bean,2014,4,1,Wingler (G-Dubs),Loss,108.94 - 114.36,108.94,114.36,-5.42,,Sean
Bean,2014,4,2,Big Fried,Win,88.24 - 86.54,88.24,86.54,1.7,,Fried
Bean,2014,4,3,Bill Marshall,Loss,41.28 - 125.90,41.28,125.9,-84.62,,Fred
Bean,2014,4,4,Junior Floyd,Loss,96.72 - 139.62,96.72,139.62,-42.9,,Trev
Bean,2014,4,5,Rob Burgundy,Loss,87.74 - 116.40,87.74,116.4,-28.66,,Rob
Bean,2014,4,6,THE Grandpa Nes,Win,127.90 - 86.16,127.9,86.16,41.74,,Jay
Bean,2014,4,7,cory's Primo Team,Win,95.06 - 90.64,95.06,90.64,4.42,,Cory
Bean,2014,4,8,Wingler (G-Dubs),Win,139.70 - 99.16,139.7,99.16,40.54,,Sean
Bean,2014,4,9,Margotta,Win,130.46 - 77.28,130.46,77.28,53.18,,Tyler
Bean,2014,4,10,the green bastard,Loss,99.20 - 113.78,99.2,113.78,-14.58,,Sammy
Bean,2014,4,11,Big Fried,Win,96.72 - 63.12,96.72,63.12,33.6,,Fried
Bean,2014,4,12,Bill Marshall,Loss,82.26 - 97.60,82.26,97.6,-15.34,,Fred
Bean,2014,4,13,THE Grandpa Nes,Loss,118.90 - 121.22,118.9,121.22,-2.32,,Jay
Sean,2014,4,1,Sean Pankewitz,Win,114.36 - 108.94,114.36,108.94,5.42,,Bean
Sean,2014,4,2,Bill Marshall,Win,61.66 - 59.26,61.66,59.26,2.4,,Fred
Sean,2014,4,3,THE Grandpa Nes,Loss,54.56 - 117.82,54.56,117.82,-63.26,,Jay
Sean,2014,4,4,Rob Burgundy,Win,106.46 - 87.48,106.46,87.48,18.98,,Rob
Sean,2014,4,5,Margotta,Loss,84.82 - 87.42,84.82,87.42,-2.6,,Tyler
Sean,2014,4,6,cory's Primo Team,Win,75.62 - 70.26,75.62,70.26,5.36,,Cory
Sean,2014,4,7,Big Fried,Loss,82.44 - 100.60,82.44,100.6,-18.16,,Fried
Sean,2014,4,8,Sean Pankewitz,Loss,99.16 - 139.70,99.16,139.7,-40.54,,Bean
Sean,2014,4,9,the green bastard,Loss,90.02 - 136.30,90.02,136.3,-46.28,,Sammy
Sean,2014,4,10,I am The Liquor,Loss,104.72 - 104.98,104.72,104.98,-0.26,,KB
Sean,2014,4,11,Bill Marshall,Loss,67.88 - 124.30,67.88,124.3,-56.42,,Fred
Sean,2014,4,12,THE Grandpa Nes,Loss,81.36 - 100.86,81.36,100.86,-19.5,,Jay
Sean,2014,4,13,cory's Primo Team,Win,118.60 - 113.88,118.6,113.88,4.72,,Cory
Trev,2014,4,1,Rob Burgundy,Win,108.72 - 86.26,108.72,86.26,22.46,,Rob
Trev,2014,4,2,Margotta,Loss,76.24 - 91.88,76.24,91.88,-15.64,,Tyler
Trev,2014,4,3,the green bastard,Win,120.04 - 103.86,120.04,103.86,16.18,,Sammy
Trev,2014,4,4,Sean Pankewitz,Win,139.62 - 96.72,139.62,96.72,42.9,,Bean
Trev,2014,4,5,Bill Marshall,Loss,82.24 - 131.46,82.24,131.46,-49.22,,Fred
Trev,2014,4,6,I am The Liquor,Loss,116.24 - 148.70,116.24,148.7,-32.46,,KB
Trev,2014,4,7,brah,Win,82.22 - 76.08,82.22,76.08,6.14,,Timmy
Trev,2014,4,8,Rob Burgundy,Loss,101.22 - 135.06,101.22,135.06,-33.84,,Rob
Trev,2014,4,9,cory's Primo Team,Loss,83.92 - 113.70,83.92,113.7,-29.78,,Cory
Trev,2014,4,10,THE Grandpa Nes,Loss,74.56 - 131.00,74.56,131,-56.44,,Jay
Trev,2014,4,11,Margotta,Win,98.92 - 87.50,98.92,87.5,11.42,,Tyler
Trev,2014,4,12,the green bastard,Win,131.72 - 126.82,131.72,126.82,4.9,,Sammy
Trev,2014,4,13,I am The Liquor,Loss,96.74 - 99.40,96.74,99.4,-2.66,,KB
Fried,2014,4,1,THE Grandpa Nes,Loss,83.38 - 94.66,83.38,94.66,-11.28,,Jay
Fried,2014,4,2,Sean Pankewitz,Loss,86.54 - 88.24,86.54,88.24,-1.7,,Bean
Fried,2014,4,3,cory's Primo Team,Win,109.90 - 101.50,109.9,101.5,8.4,,Cory
Fried,2014,4,4,Margotta,Loss,89.38 - 103.64,89.38,103.64,-14.26,,Tyler
Fried,2014,4,5,the green bastard,Loss,82.22 - 87.10,82.22,87.1,-4.88,,Sammy
Fried,2014,4,6,Bill Marshall,Win,99.42 - 82.64,99.42,82.64,16.78,,Fred
Fried,2014,4,7,Wingler (G-Dubs),Win,100.60 - 82.44,100.6,82.44,18.16,,Sean
Fried,2014,4,8,THE Grandpa Nes,Loss,98.68 - 138.42,98.68,138.42,-39.74,,Jay
Fried,2014,4,9,I am The Liquor,Loss,98.72 - 112.26,98.72,112.26,-13.54,,KB
Fried,2014,4,10,brah,Win,152.04 - 114.76,152.04,114.76,37.28,,Timmy
Fried,2014,4,11,Sean Pankewitz,Loss,63.12 - 96.72,63.12,96.72,-33.6,,Bean
Fried,2014,4,12,cory's Primo Team,Win,104.64 - 84.64,104.64,84.64,20,,Cory
Fried,2014,4,13,Bill Marshall,Win,158.32 - 120.60,158.32,120.6,37.72,,Fred
Rob,2014,4,1,Junior Floyd,Loss,86.26 - 108.72,86.26,108.72,-22.46,,Trev
Rob,2014,4,2,the green bastard,Loss,117.18 - 117.72,117.18,117.72,-0.54,,Sammy
Rob,2014,4,3,I am The Liquor,Loss,85.92 - 96.50,85.92,96.5,-10.58,,KB
Rob,2014,4,4,Wingler (G-Dubs),Loss,87.48 - 106.46,87.48,106.46,-18.98,,Sean
Rob,2014,4,5,Sean Pankewitz,Win,116.40 - 87.74,116.4,87.74,28.66,,Bean
Rob,2014,4,6,brah,Win,107.56 - 91.88,107.56,91.88,15.68,,Timmy
Rob,2014,4,7,Margotta,Win,123.24 - 70.62,123.24,70.62,52.62,,Tyler
Rob,2014,4,8,Junior Floyd,Win,135.06 - 101.22,135.06,101.22,33.84,,Trev
Rob,2014,4,9,Bill Marshall,Win,114.70 - 83.98,114.7,83.98,30.72,,Fred
Rob,2014,4,10,cory's Primo Team,Win,113.60 - 102.30,113.6,102.3,11.3,,Cory
Rob,2014,4,11,the green bastard,Loss,96.62 - 127.38,96.62,127.38,-30.76,,Sammy
Rob,2014,4,12,I am The Liquor,Win,123.86 - 109.72,123.86,109.72,14.14,,KB
Rob,2014,4,13,brah,Loss,99.82 - 124.38,99.82,124.38,-24.56,,Timmy
Fred,2014,4,1,cory's Primo Team,Loss,111.36 - 129.76,111.36,129.76,-18.4,,Cory
Fred,2014,4,2,Wingler (G-Dubs),Loss,59.26 - 61.66,59.26,61.66,-2.4,,Sean
Fred,2014,4,3,Sean Pankewitz,Win,125.90 - 41.28,125.9,41.28,84.62,,Bean
Fred,2014,4,4,brah,Win,83.14 - 79.40,83.14,79.4,3.74,,Timmy
Fred,2014,4,5,Junior Floyd,Win,131.46 - 82.24,131.46,82.24,49.22,,Trev
Fred,2014,4,6,Big Fried,Loss,82.64 - 99.42,82.64,99.42,-16.78,,Fried
Fred,2014,4,7,THE Grandpa Nes,Win,87.30 - 85.80,87.3,85.8,1.5,,Jay
Fred,2014,4,8,cory's Primo Team,Loss,112.68 - 139.24,112.68,139.24,-26.56,,Cory
Fred,2014,4,9,Rob Burgundy,Loss,83.98 - 114.70,83.98,114.7,-30.72,,Rob
Fred,2014,4,10,Margotta,Win,98.58 - 94.70,98.58,94.7,3.88,,Tyler
Fred,2014,4,11,Wingler (G-Dubs),Win,124.30 - 67.88,124.3,67.88,56.42,,Sean
Fred,2014,4,12,Sean Pankewitz,Win,97.60 - 82.26,97.6,82.26,15.34,,Bean
Fred,2014,4,13,Big Fried,Loss,120.60 - 158.32,120.6,158.32,-37.72,,Fried
Tyler,2014,4,1,I am The Liquor,Win,98.20 - 96.80,98.2,96.8,1.4,,KB
Tyler,2014,4,2,Junior Floyd,Win,91.88 - 76.24,91.88,76.24,15.64,,Trev
Tyler,2014,4,3,brah,Win,82.70 - 75.68,82.7,75.68,7.02,,Timmy
Tyler,2014,4,4,Big Fried,Win,103.64 - 89.38,103.64,89.38,14.26,,Fried
Tyler,2014,4,5,Wingler (G-Dubs),Win,87.42 - 84.82,87.42,84.82,2.6,,Sean
Tyler,2014,4,6,the green bastard,Win,137.72 - 123.06,137.72,123.06,14.66,,Sammy
Tyler,2014,4,7,Rob Burgundy,Loss,70.62 - 123.24,70.62,123.24,-52.62,,Rob
Tyler,2014,4,8,I am The Liquor,Win,150.72 - 109.20,150.72,109.2,41.52,,KB
Tyler,2014,4,9,Sean Pankewitz,Loss,77.28 - 130.46,77.28,130.46,-53.18,,Bean
Tyler,2014,4,10,Bill Marshall,Loss,94.70 - 98.58,94.7,98.58,-3.88,,Fred
Tyler,2014,4,11,Junior Floyd,Loss,87.50 - 98.92,87.5,98.92,-11.42,,Trev
Tyler,2014,4,12,brah,Win,115.04 - 103.66,115.04,103.66,11.38,,Timmy
Tyler,2014,4,13,the green bastard,Win,119.94 - 89.76,119.94,89.76,30.18,,Sammy
Jay,2014,4,1,Big Fried,Win,94.66 - 83.38,94.66,83.38,11.28,,Fried
Jay,2014,4,2,cory's Primo Team,Loss,98.24 - 140.08,98.24,140.08,-41.84,,Cory
Jay,2014,4,3,Wingler (G-Dubs),Win,117.82 - 54.56,117.82,54.56,63.26,,Sean
Jay,2014,4,4,the green bastard,Loss,111.98 - 140.96,111.98,140.96,-28.98,,Sammy
Jay,2014,4,5,I am The Liquor,Win,114.04 - 95.08,114.04,95.08,18.96,,KB
Jay,2014,4,6,Sean Pankewitz,Loss,86.16 - 127.90,86.16,127.9,-41.74,,Bean
Jay,2014,4,7,Bill Marshall,Loss,85.80 - 87.30,85.8,87.3,-1.5,,Fred
Jay,2014,4,8,Big Fried,Win,138.42 - 98.68,138.42,98.68,39.74,,Fried
Jay,2014,4,9,brah,Win,126.62 - 96.94,126.62,96.94,29.68,,Timmy
Jay,2014,4,10,Junior Floyd,Win,131.00 - 74.56,131,74.56,56.44,,Trev
Jay,2014,4,11,cory's Primo Team,Win,131.34 - 112.52,131.34,112.52,18.82,,Cory
Jay,2014,4,12,Wingler (G-Dubs),Win,100.86 - 81.36,100.86,81.36,19.5,,Sean
Jay,2014,4,13,Sean Pankewitz,Win,121.22 - 118.90,121.22,118.9,2.32,,Bean
Sammy,2014,4,1,brah,Loss,84.06 - 107.32,84.06,107.32,-23.26,,Timmy
Sammy,2014,4,2,Rob Burgundy,Win,117.72 - 117.18,117.72,117.18,0.54,,Rob
Sammy,2014,4,3,Junior Floyd,Loss,103.86 - 120.04,103.86,120.04,-16.18,,Trev
Sammy,2014,4,4,THE Grandpa Nes,Win,140.96 - 111.98,140.96,111.98,28.98,,Jay
Sammy,2014,4,5,Big Fried,Win,87.10 - 82.22,87.1,82.22,4.88,,Fried
Sammy,2014,4,6,Margotta,Loss,123.06 - 137.72,123.06,137.72,-14.66,,Tyler
Sammy,2014,4,7,I am The Liquor,Win,111.00 - 82.36,111,82.36,28.64,,KB
Sammy,2014,4,8,brah,Loss,79.92 - 93.52,79.92,93.52,-13.6,,Timmy
Sammy,2014,4,9,Wingler (G-Dubs),Win,136.30 - 90.02,136.3,90.02,46.28,,Sean
Sammy,2014,4,10,Sean Pankewitz,Win,113.78 - 99.20,113.78,99.2,14.58,,Bean
Sammy,2014,4,11,Rob Burgundy,Win,127.38 - 96.62,127.38,96.62,30.76,,Rob
Sammy,2014,4,12,Junior Floyd,Loss,126.82 - 131.72,126.82,131.72,-4.9,,Trev
Sammy,2014,4,13,Margotta,Loss,89.76 - 119.94,89.76,119.94,-30.18,,Tyler
KB,2014,4,1,Margotta,Loss,96.80 - 98.20,96.8,98.2,-1.4,,Tyler
KB,2014,4,2,brah,Loss,76.38 - 97.34,76.38,97.34,-20.96,,Timmy
KB,2014,4,3,Rob Burgundy,Win,96.50 - 85.92,96.5,85.92,10.58,,Rob
KB,2014,4,4,cory's Primo Team,Win,97.62 - 82.84,97.62,82.84,14.78,,Cory
KB,2014,4,5,THE Grandpa Nes,Loss,95.08 - 114.04,95.08,114.04,-18.96,,Jay
KB,2014,4,6,Junior Floyd,Win,148.70 - 116.24,148.7,116.24,32.46,,Trev
KB,2014,4,7,the green bastard,Loss,82.36 - 111.00,82.36,111,-28.64,,Sammy
KB,2014,4,8,Margotta,Loss,109.20 - 150.72,109.2,150.72,-41.52,,Tyler
KB,2014,4,9,Big Fried,Win,112.26 - 98.72,112.26,98.72,13.54,,Fried
KB,2014,4,10,Wingler (G-Dubs),Win,104.98 - 104.72,104.98,104.72,0.26,,Sean
KB,2014,4,11,brah,Loss,81.52 - 88.14,81.52,88.14,-6.62,,Timmy
KB,2014,4,12,Rob Burgundy,Loss,109.72 - 123.86,109.72,123.86,-14.14,,Rob
KB,2014,4,13,Junior Floyd,Win,99.40 - 96.74,99.4,96.74,2.66,,Trev
Cory,2014,4,1,Bill Marshall,Win,129.76 - 111.36,129.76,111.36,18.4,,Fred
Cory,2014,4,2,THE Grandpa Nes,Win,140.08 - 98.24,140.08,98.24,41.84,,Jay
Cory,2014,4,3,Big Fried,Loss,101.50 - 109.90,101.5,109.9,-8.4,,Fried
Cory,2014,4,4,I am The Liquor,Loss,82.84 - 97.62,82.84,97.62,-14.78,,KB
Cory,2014,4,5,brah,Win,92.98 - 64.84,92.98,64.84,28.14,,Timmy
Cory,2014,4,6,Wingler (G-Dubs),Loss,70.26 - 75.62,70.26,75.62,-5.36,,Sean
Cory,2014,4,7,Sean Pankewitz,Loss,90.64 - 95.06,90.64,95.06,-4.42,,Bean
Cory,2014,4,8,Bill Marshall,Win,139.24 - 112.68,139.24,112.68,26.56,,Fred
Cory,2014,4,9,Junior Floyd,Win,113.70 - 83.92,113.7,83.92,29.78,,Trev
Cory,2014,4,10,Rob Burgundy,Loss,102.30 - 113.60,102.3,113.6,-11.3,,Rob
Cory,2014,4,11,THE Grandpa Nes,Loss,112.52 - 131.34,112.52,131.34,-18.82,,Jay
Cory,2014,4,12,Big Fried,Loss,84.64 - 104.64,84.64,104.64,-20,,Fried
Cory,2014,4,13,Wingler (G-Dubs),Loss,113.88 - 118.60,113.88,118.6,-4.72,,Sean
Timmy,2014,4,1,the green bastard,Win,107.32 - 84.06,107.32,84.06,23.26,,Sammy
Timmy,2014,4,2,I am The Liquor,Win,97.34 - 76.38,97.34,76.38,20.96,,KB
Timmy,2014,4,3,Margotta,Loss,75.68 - 82.70,75.68,82.7,-7.02,,Tyler
Timmy,2014,4,4,Bill Marshall,Loss,79.40 - 83.14,79.4,83.14,-3.74,,Fred
Timmy,2014,4,5,cory's Primo Team,Loss,64.84 - 92.98,64.84,92.98,-28.14,,Cory
Timmy,2014,4,6,Rob Burgundy,Loss,91.88 - 107.56,91.88,107.56,-15.68,,Rob
Timmy,2014,4,7,Junior Floyd,Loss,76.08 - 82.22,76.08,82.22,-6.14,,Trev
Timmy,2014,4,8,the green bastard,Win,93.52 - 79.92,93.52,79.92,13.6,,Sammy
Timmy,2014,4,9,THE Grandpa Nes,Loss,96.94 - 126.62,96.94,126.62,-29.68,,Jay
Timmy,2014,4,10,Big Fried,Loss,114.76 - 152.04,114.76,152.04,-37.28,,Fried
Timmy,2014,4,11,I am The Liquor,Win,88.14 - 81.52,88.14,81.52,6.62,,KB
Timmy,2014,4,12,Margotta,Loss,103.66 - 115.04,103.66,115.04,-11.38,,Tyler
Timmy,2014,4,13,Rob Burgundy,Win,124.38 - 99.82,124.38,99.82,24.56,,Rob
Bean,2013,3,1,Big Fried,Win,187.28 - 58.54,187.28,58.54,128.74,,Fried
Bean,2013,3,2,Cup of Brandy,Loss,79.92 - 123.00,79.92,123,-43.08,,Jay
Bean,2013,3,3,I am The Liquor,Loss,86.90 - 88.26,86.9,88.26,-1.36,,KB
Bean,2013,3,4,nemazz,Win,144.36 - 99.32,144.36,99.32,45.04,,Sean
Bean,2013,3,5,Margotta,Win,114.10 - 87.62,114.1,87.62,26.48,,Tyler
Bean,2013,3,6,Bassmaster Classic,Win,129.62 - 94.06,129.62,94.06,35.56,,Cory
Bean,2013,3,7,Sunnyvale Shit Hawks,Loss,90.08 - 95.12,90.08,95.12,-5.04,,Chaz
Bean,2013,3,8,Big Fried,Win,97.32 - 62.80,97.32,62.8,34.52,,Fried
Bean,2013,3,9,Rob Burgundy,Win,137.64 - 108.24,137.64,108.24,29.4,,Rob
Bean,2013,3,10,@DadBoner,Win,91.26 - 79.64,91.26,79.64,11.62,,Fred
Bean,2013,3,11,Cup of Brandy,Win,87.04 - 68.76,87.04,68.76,18.28,,Jay
Bean,2013,3,12,I am The Liquor,Win,112.78 - 77.80,112.78,77.8,34.98,,KB
Bean,2013,3,13,Bassmaster Classic,Win,99.20 - 97.54,99.2,97.54,1.66,,Cory
Sean,2013,3,1,Margotta,Loss,109.48 - 111.60,109.48,111.6,-2.12,,Tyler
Sean,2013,3,2,Rob Burgundy,Loss,100.58 - 131.26,100.58,131.26,-30.68,,Rob
Sean,2013,3,3,@DadBoner,Win,131.38 - 79.80,131.38,79.8,51.58,,Fred
Sean,2013,3,4,The Bean Consumption,Loss,99.32 - 144.36,99.32,144.36,-45.04,,Bean
Sean,2013,3,5,I am The Liquor,Loss,80.42 - 136.86,80.42,136.86,-56.44,,KB
Sean,2013,3,6,the green bastard,Loss,85.84 - 87.90,85.84,87.9,-2.06,,Sammy
Sean,2013,3,7,Ben There Raped That,Win,124.00 - 63.08,124,63.08,60.92,,Trev
Sean,2013,3,8,Margotta,Win,124.36 - 105.46,124.36,105.46,18.9,,Tyler
Sean,2013,3,9,Sunnyvale Shit Hawks,Loss,98.18 - 147.84,98.18,147.84,-49.66,,Chaz
Sean,2013,3,10,Bassmaster Classic,Win,110.58 - 66.20,110.58,66.2,44.38,,Cory
Sean,2013,3,11,Rob Burgundy,Win,157.24 - 122.58,157.24,122.58,34.66,,Rob
Sean,2013,3,12,@DadBoner,Loss,91.64 - 93.00,91.64,93,-1.36,,Fred
Sean,2013,3,13,the green bastard,Loss,84.32 - 103.80,84.32,103.8,-19.48,,Sammy
Fried,2013,3,1,The Bean Consumption,Loss,58.54 - 187.28,58.54,187.28,-128.74,,Bean
Fried,2013,3,2,I am The Liquor,Win,96.32 - 95.28,96.32,95.28,1.04,,KB
Fried,2013,3,3,Bassmaster Classic,Loss,86.72 - 99.00,86.72,99,-12.28,,Cory
Fried,2013,3,4,Margotta,Loss,90.48 - 148.92,90.48,148.92,-58.44,,Tyler
Fried,2013,3,5,Rob Burgundy,Loss,84.02 - 134.36,84.02,134.36,-50.34,,Rob
Fried,2013,3,6,Sunnyvale Shit Hawks,Loss,58.50 - 77.94,58.5,77.94,-19.44,,Chaz
Fried,2013,3,7,Cup of Brandy,Loss,78.14 - 79.92,78.14,79.92,-1.78,,Jay
Fried,2013,3,8,The Bean Consumption,Loss,62.80 - 97.32,62.8,97.32,-34.52,,Bean
Fried,2013,3,9,@DadBoner,Win,133.64 - 107.62,133.64,107.62,26.02,,Fred
Fried,2013,3,10,the green bastard,Loss,71.36 - 99.42,71.36,99.42,-28.06,,Sammy
Fried,2013,3,11,I am The Liquor,Loss,121.82 - 133.82,121.82,133.82,-12,,KB
Fried,2013,3,12,Bassmaster Classic,Loss,94.34 - 113.62,94.34,113.62,-19.28,,Cory
Fried,2013,3,13,Sunnyvale Shit Hawks,Win,114.00 - 104.72,114,104.72,9.28,,Chaz
Tyler,2013,3,1,nemazz,Win,111.60 - 109.48,111.6,109.48,2.12,,Sean
Tyler,2013,3,2,@DadBoner,Win,112.88 - 112.78,112.88,112.78,0.1,,Fred
Tyler,2013,3,3,the green bastard,Loss,94.58 - 112.10,94.58,112.1,-17.52,,Sammy
Tyler,2013,3,4,Big Fried,Win,148.92 - 90.48,148.92,90.48,58.44,,Fried
Tyler,2013,3,5,The Bean Consumption,Loss,87.62 - 114.10,87.62,114.1,-26.48,,Bean
Tyler,2013,3,6,Ben There Raped That,Win,135.90 - 84.50,135.9,84.5,51.4,,Trev
Tyler,2013,3,7,Rob Burgundy,Win,77.66 - 69.62,77.66,69.62,8.04,,Rob
Tyler,2013,3,8,nemazz,Loss,105.46 - 124.36,105.46,124.36,-18.9,,Sean
Tyler,2013,3,9,I am The Liquor,Win,93.06 - 15.40,93.06,15.4,77.66,,KB
Tyler,2013,3,10,Sunnyvale Shit Hawks,Win,107.12 - 99.02,107.12,99.02,8.1,,Chaz
Tyler,2013,3,11,@DadBoner,Loss,102.26 - 107.64,102.26,107.64,-5.38,,Fred
Tyler,2013,3,12,the green bastard,Win,116.76 - 43.86,116.76,43.86,72.9,,Sammy
Tyler,2013,3,13,Ben There Raped That,Loss,117.42 - 121.00,117.42,121,-3.58,,Trev
Jay,2013,3,1,Bassmaster Classic,Loss,95.26 - 126.26,95.26,126.26,-31,,Cory
Jay,2013,3,2,The Bean Consumption,Win,123.00 - 79.92,123,79.92,43.08,,Bean
Jay,2013,3,3,Sunnyvale Shit Hawks,Win,93.68 - 77.98,93.68,77.98,15.7,,Chaz
Jay,2013,3,4,Rob Burgundy,Win,129.92 - 97.64,129.92,97.64,32.28,,Rob
Jay,2013,3,5,@DadBoner,Win,103.58 - 82.26,103.58,82.26,21.32,,Fred
Jay,2013,3,6,I am The Liquor,Loss,80.34 - 104.60,80.34,104.6,-24.26,,KB
Jay,2013,3,7,Big Fried,Win,79.92 - 78.14,79.92,78.14,1.78,,Fried
Jay,2013,3,8,Bassmaster Classic,Win,86.08 - 81.74,86.08,81.74,4.34,,Cory
Jay,2013,3,9,the green bastard,Win,105.32 - 43.88,105.32,43.88,61.44,,Sammy
Jay,2013,3,10,Ben There Raped That,Loss,68.84 - 86.32,68.84,86.32,-17.48,,Trev
Jay,2013,3,11,The Bean Consumption,Loss,68.76 - 87.04,68.76,87.04,-18.28,,Bean
Jay,2013,3,12,Sunnyvale Shit Hawks,Loss,78.62 - 87.12,78.62,87.12,-8.5,,Chaz
Jay,2013,3,13,I am The Liquor,Loss,94.04 - 122.12,94.04,122.12,-28.08,,KB
KB,2013,3,1,Sunnyvale Shit Hawks,Win,150.38 - 70.94,150.38,70.94,79.44,,Chaz
KB,2013,3,2,Big Fried,Loss,95.28 - 96.32,95.28,96.32,-1.04,,Fried
KB,2013,3,3,The Bean Consumption,Win,88.26 - 86.90,88.26,86.9,1.36,,Bean
KB,2013,3,4,Ben There Raped That,Loss,99.08 - 118.02,99.08,118.02,-18.94,,Trev
KB,2013,3,5,nemazz,Win,136.86 - 80.42,136.86,80.42,56.44,,Sean
KB,2013,3,6,Cup of Brandy,Win,104.60 - 80.34,104.6,80.34,24.26,,Jay
KB,2013,3,7,Bassmaster Classic,Win,109.64 - 91.22,109.64,91.22,18.42,,Cory
KB,2013,3,8,Sunnyvale Shit Hawks,Win,90.46 - 89.60,90.46,89.6,0.86,,Chaz
KB,2013,3,9,Margotta,Loss,15.40 - 93.06,15.4,93.06,-77.66,,Tyler
KB,2013,3,10,Rob Burgundy,Loss,72.60 - 84.18,72.6,84.18,-11.58,,Rob
KB,2013,3,11,Big Fried,Win,133.82 - 121.82,133.82,121.82,12,,Fried
KB,2013,3,12,The Bean Consumption,Loss,77.80 - 112.78,77.8,112.78,-34.98,,Bean
KB,2013,3,13,Cup of Brandy,Win,122.12 - 94.04,122.12,94.04,28.08,,Jay
Rob,2013,3,1,the green bastard,Win,135.26 - 133.58,135.26,133.58,1.68,,Sammy
Rob,2013,3,2,nemazz,Win,131.26 - 100.58,131.26,100.58,30.68,,Sean
Rob,2013,3,3,Ben There Raped That,Win,85.94 - 80.66,85.94,80.66,5.28,,Trev
Rob,2013,3,4,Cup of Brandy,Loss,97.64 - 129.92,97.64,129.92,-32.28,,Jay
Rob,2013,3,5,Big Fried,Win,134.36 - 84.02,134.36,84.02,50.34,,Fried
Rob,2013,3,6,@DadBoner,Loss,81.48 - 82.98,81.48,82.98,-1.5,,Fred
Rob,2013,3,7,Margotta,Loss,69.62 - 77.66,69.62,77.66,-8.04,,Tyler
Rob,2013,3,8,the green bastard,Loss,97.74 - 110.70,97.74,110.7,-12.96,,Sammy
Rob,2013,3,9,The Bean Consumption,Loss,108.24 - 137.64,108.24,137.64,-29.4,,Bean
Rob,2013,3,10,I am The Liquor,Win,84.18 - 72.60,84.18,72.6,11.58,,KB
Rob,2013,3,11,nemazz,Loss,122.58 - 157.24,122.58,157.24,-34.66,,Sean
Rob,2013,3,12,Ben There Raped That,Win,94.78 - 79.26,94.78,79.26,15.52,,Trev
Rob,2013,3,13,@DadBoner,Loss,92.48 - 92.78,92.48,92.78,-0.3,,Fred
Cory,2013,3,1,Cup of Brandy,Win,126.26 - 95.26,126.26,95.26,31,,Jay
Cory,2013,3,2,Sunnyvale Shit Hawks,Loss,79.80 - 132.34,79.8,132.34,-52.54,,Chaz
Cory,2013,3,3,Big Fried,Win,99.00 - 86.72,99,86.72,12.28,,Fried
Cory,2013,3,4,@DadBoner,Loss,107.34 - 115.28,107.34,115.28,-7.94,,Fred
Cory,2013,3,5,the green bastard,Loss,64.48 - 133.46,64.48,133.46,-68.98,,Sammy
Cory,2013,3,6,The Bean Consumption,Loss,94.06 - 129.62,94.06,129.62,-35.56,,Bean
Cory,2013,3,7,I am The Liquor,Loss,91.22 - 109.64,91.22,109.64,-18.42,,KB
Cory,2013,3,8,Cup of Brandy,Loss,81.74 - 86.08,81.74,86.08,-4.34,,Jay
Cory,2013,3,9,Ben There Raped That,Loss,96.88 - 143.20,96.88,143.2,-46.32,,Trev
Cory,2013,3,10,nemazz,Loss,66.20 - 110.58,66.2,110.58,-44.38,,Sean
Cory,2013,3,11,Sunnyvale Shit Hawks,Win,70.04 - 68.36,70.04,68.36,1.68,,Chaz
Cory,2013,3,12,Big Fried,Win,113.62 - 94.34,113.62,94.34,19.28,,Fried
Cory,2013,3,13,The Bean Consumption,Loss,97.54 - 99.20,97.54,99.2,-1.66,,Bean
Fred,2013,3,1,Ben There Raped That,Win,125.00 - 90.68,125,90.68,34.32,,Trev
Fred,2013,3,2,Margotta,Loss,112.78 - 112.88,112.78,112.88,-0.1,,Tyler
Fred,2013,3,3,nemazz,Loss,79.80 - 131.38,79.8,131.38,-51.58,,Sean
Fred,2013,3,4,Bassmaster Classic,Win,115.28 - 107.34,115.28,107.34,7.94,,Cory
Fred,2013,3,5,Cup of Brandy,Loss,82.26 - 103.58,82.26,103.58,-21.32,,Jay
Fred,2013,3,6,Rob Burgundy,Win,82.98 - 81.48,82.98,81.48,1.5,,Rob
Fred,2013,3,7,the green bastard,Loss,85.82 - 99.20,85.82,99.2,-13.38,,Sammy
Fred,2013,3,8,Ben There Raped That,Win,123.16 - 62.38,123.16,62.38,60.78,,Trev
Fred,2013,3,9,Big Fried,Loss,107.62 - 133.64,107.62,133.64,-26.02,,Fried
Fred,2013,3,10,The Bean Consumption,Loss,79.64 - 91.26,79.64,91.26,-11.62,,Bean
Fred,2013,3,11,Margotta,Win,107.64 - 102.26,107.64,102.26,5.38,,Tyler
Fred,2013,3,12,nemazz,Win,93.00 - 91.64,93,91.64,1.36,,Sean
Fred,2013,3,13,Rob Burgundy,Win,92.78 - 92.48,92.78,92.48,0.3,,Rob
Sammy,2013,3,1,Rob Burgundy,Loss,133.58 - 135.26,133.58,135.26,-1.68,,Rob
Sammy,2013,3,2,Ben There Raped That,Win,140.20 - 125.96,140.2,125.96,14.24,,Trev
Sammy,2013,3,3,Margotta,Win,112.10 - 94.58,112.1,94.58,17.52,,Tyler
Sammy,2013,3,4,Sunnyvale Shit Hawks,Win,149.24 - 68.66,149.24,68.66,80.58,,Chaz
Sammy,2013,3,5,Bassmaster Classic,Win,133.46 - 64.48,133.46,64.48,68.98,,Cory
Sammy,2013,3,6,nemazz,Win,87.90 - 85.84,87.9,85.84,2.06,,Sean
Sammy,2013,3,7,@DadBoner,Win,99.20 - 85.82,99.2,85.82,13.38,,Fred
Sammy,2013,3,8,Rob Burgundy,Win,110.70 - 97.74,110.7,97.74,12.96,,Rob
Sammy,2013,3,9,Cup of Brandy,Loss,43.88 - 105.32,43.88,105.32,-61.44,,Jay
Sammy,2013,3,10,Big Fried,Win,99.42 - 71.36,99.42,71.36,28.06,,Fried
Sammy,2013,3,11,Ben There Raped That,Loss,80.02 - 81.50,80.02,81.5,-1.48,,Trev
Sammy,2013,3,12,Margotta,Loss,43.86 - 116.76,43.86,116.76,-72.9,,Tyler
Sammy,2013,3,13,nemazz,Win,103.80 - 84.32,103.8,84.32,19.48,,Sean
Trev,2013,3,1,@DadBoner,Loss,90.68 - 125.00,90.68,125,-34.32,,Fred
Trev,2013,3,2,the green bastard,Loss,125.96 - 140.20,125.96,140.2,-14.24,,Sammy
Trev,2013,3,3,Rob Burgundy,Loss,80.66 - 85.94,80.66,85.94,-5.28,,Rob
Trev,2013,3,4,I am The Liquor,Win,118.02 - 99.08,118.02,99.08,18.94,,KB
Trev,2013,3,5,Sunnyvale Shit Hawks,Win,99.96 - 83.46,99.96,83.46,16.5,,Chaz
Trev,2013,3,6,Margotta,Loss,84.50 - 135.90,84.5,135.9,-51.4,,Tyler
Trev,2013,3,7,nemazz,Loss,63.08 - 124.00,63.08,124,-60.92,,Sean
Trev,2013,3,8,@DadBoner,Loss,62.38 - 123.16,62.38,123.16,-60.78,,Fred
Trev,2013,3,9,Bassmaster Classic,Win,143.20 - 96.88,143.2,96.88,46.32,,Cory
Trev,2013,3,10,Cup of Brandy,Win,86.32 - 68.84,86.32,68.84,17.48,,Jay
Trev,2013,3,11,the green bastard,Win,81.50 - 80.02,81.5,80.02,1.48,,Sammy
Trev,2013,3,12,Rob Burgundy,Loss,79.26 - 94.78,79.26,94.78,-15.52,,Rob
Trev,2013,3,13,Margotta,Win,121.00 - 117.42,121,117.42,3.58,,Tyler
Chaz,2013,3,1,I am The Liquor,Loss,70.94 - 150.38,70.94,150.38,-79.44,,KB
Chaz,2013,3,2,Bassmaster Classic,Win,132.34 - 79.80,132.34,79.8,52.54,,Cory
Chaz,2013,3,3,Cup of Brandy,Loss,77.98 - 93.68,77.98,93.68,-15.7,,Jay
Chaz,2013,3,4,the green bastard,Loss,68.66 - 149.24,68.66,149.24,-80.58,,Sammy
Chaz,2013,3,5,Ben There Raped That,Loss,83.46 - 99.96,83.46,99.96,-16.5,,Trev
Chaz,2013,3,6,Big Fried,Win,77.94 - 58.50,77.94,58.5,19.44,,Fried
Chaz,2013,3,7,The Bean Consumption,Win,95.12 - 90.08,95.12,90.08,5.04,,Bean
Chaz,2013,3,8,I am The Liquor,Loss,89.60 - 90.46,89.6,90.46,-0.86,,KB
Chaz,2013,3,9,nemazz,Win,147.84 - 98.18,147.84,98.18,49.66,,Sean
Chaz,2013,3,10,Margotta,Loss,99.02 - 107.12,99.02,107.12,-8.1,,Tyler
Chaz,2013,3,11,Bassmaster Classic,Loss,68.36 - 70.04,68.36,70.04,-1.68,,Cory
Chaz,2013,3,12,Cup of Brandy,Win,87.12 - 78.62,87.12,78.62,8.5,,Jay
Chaz,2013,3,13,Big Fried,Loss,104.72 - 114.00,104.72,114,-9.28,,Fried
Bean,2012,2,1,nemazz,Win,108.08 - 66.54,108.08,66.54,41.54,,Sean
Bean,2012,2,2,Big Fried,Win,105.64 - 82.50,105.64,82.5,23.14,,Fried
Bean,2012,2,3,Rob Burgundy,Loss,66.62 - 104.82,66.62,104.82,-38.2,,Rob
Bean,2012,2,4,@DadBoner,Loss,101.58 - 105.56,101.58,105.56,-3.98,,Fred
Bean,2012,2,5,the green bastard,Win,129.36 - 106.36,129.36,106.36,23,,Sammy
Bean,2012,2,6,I am The Liquor,Win,115.12 - 91.76,115.12,91.76,23.36,,KB
Bean,2012,2,7,tubes,Loss,88.98 - 95.72,88.98,95.72,-6.74,,Trev
Bean,2012,2,8,nemazz,Loss,52.58 - 92.86,52.58,92.86,-40.28,,Sean
Bean,2012,2,9,Di'ago'nilli,Loss,80.40 - 131.84,80.4,131.84,-51.44,,Jay
Bean,2012,2,10,The Big Dipper,Win,109.20 - 106.28,109.2,106.28,2.92,,Jack
Bean,2012,2,11,Big Fried,Loss,68.46 - 111.36,68.46,111.36,-42.9,,Fried
Bean,2012,2,12,Rob Burgundy,Win,106.54 - 101.96,106.54,101.96,4.58,,Rob
Bean,2012,2,13,I am The Liquor,Win,92.60 - 69.30,92.6,69.3,23.3,,KB
Sean,2012,2,1,TrailrparkSuprvisors,Loss,66.54 - 108.08,66.54,108.08,-41.54,,Bean
Sean,2012,2,2,Rob Burgundy,Win,143.84 - 88.84,143.84,88.84,55,,Rob
Sean,2012,2,3,I am The Liquor,Win,119.10 - 113.46,119.1,113.46,5.64,,KB
Sean,2012,2,4,the green bastard,Win,154.98 - 107.16,154.98,107.16,47.82,,Sammy
Sean,2012,2,5,Di'ago'nilli,Loss,109.52 - 130.14,109.52,130.14,-20.62,,Jay
Sean,2012,2,6,tubes,Win,129.46 - 100.26,129.46,100.26,29.2,,Trev
Sean,2012,2,7,Big Fried,Loss,99.76 - 126.08,99.76,126.08,-26.32,,Fried
Sean,2012,2,8,TrailrparkSuprvisors,Win,92.86 - 52.58,92.86,52.58,40.28,,Bean
Sean,2012,2,9,The Big Dipper,Win,93.76 - 62.42,93.76,62.42,31.34,,Jack
Sean,2012,2,10,Margotta,Win,103.20 - 75.56,103.2,75.56,27.64,,Tyler
Sean,2012,2,11,Rob Burgundy,Win,86.34 - 78.12,86.34,78.12,8.22,,Rob
Sean,2012,2,12,I am The Liquor,Win,137.20 - 107.02,137.2,107.02,30.18,,KB
Sean,2012,2,13,tubes,Loss,101.52 - 122.48,101.52,122.48,-20.96,,Trev
Fried,2012,2,1,I am The Liquor,Loss,101.06 - 129.46,101.06,129.46,-28.4,,KB
Fried,2012,2,2,TrailrparkSuprvisors,Loss,82.50 - 105.64,82.5,105.64,-23.14,,Bean
Fried,2012,2,3,tubes,Win,100.90 - 90.00,100.9,90,10.9,,Trev
Fried,2012,2,4,Di'ago'nilli,Win,128.08 - 122.12,128.08,122.12,5.96,,Jay
Fried,2012,2,5,The Big Dipper,Win,89.18 - 68.74,89.18,68.74,20.44,,Jack
Fried,2012,2,6,Rob Burgundy,Win,104.10 - 98.58,104.1,98.58,5.52,,Rob
Fried,2012,2,7,nemazz,Win,126.08 - 99.76,126.08,99.76,26.32,,Sean
Fried,2012,2,8,I am The Liquor,Loss,81.32 - 115.38,81.32,115.38,-34.06,,KB
Fried,2012,2,9,Margotta,Win,110.86 - 73.64,110.86,73.64,37.22,,Tyler
Fried,2012,2,10,Bassmaster Classic,Win,89.02 - 61.86,89.02,61.86,27.16,,Cory
Fried,2012,2,11,TrailrparkSuprvisors,Win,111.36 - 68.46,111.36,68.46,42.9,,Bean
Fried,2012,2,12,tubes,Loss,99.98 - 125.60,99.98,125.6,-25.62,,Trev
Fried,2012,2,13,Rob Burgundy,Loss,58.64 - 162.82,58.64,162.82,-104.18,,Rob
Fred,2012,2,1,the green bastard,Loss,102.30 - 115.04,102.3,115.04,-12.74,,Sammy
Fred,2012,2,2,Di'ago'nilli,Win,97.14 - 77.16,97.14,77.16,19.98,,Jay
Fred,2012,2,3,The Big Dipper,Win,99.18 - 77.08,99.18,77.08,22.1,,Jack
Fred,2012,2,4,TrailrparkSuprvisors,Win,105.56 - 101.58,105.56,101.58,3.98,,Bean
Fred,2012,2,5,Rob Burgundy,Win,54.74 - 25.06,54.74,25.06,29.68,,Rob
Fred,2012,2,6,Margotta,Win,124.64 - 92.16,124.64,92.16,32.48,,Tyler
Fred,2012,2,7,Bassmaster Classic,Loss,80.16 - 91.52,80.16,91.52,-11.36,,Cory
Fred,2012,2,8,the green bastard,Win,152.16 - 87.26,152.16,87.26,64.9,,Sammy
Fred,2012,2,9,tubes,Win,144.50 - 117.74,144.5,117.74,26.76,,Trev
Fred,2012,2,10,I am The Liquor,Win,118.96 - 103.44,118.96,103.44,15.52,,KB
Fred,2012,2,11,Di'ago'nilli,Win,80.24 - 74.36,80.24,74.36,5.88,,Jay
Fred,2012,2,12,The Big Dipper,Win,125.44 - 73.20,125.44,73.2,52.24,,Jack
Fred,2012,2,13,Margotta,Win,110.92 - 69.52,110.92,69.52,41.4,,Tyler
Rob,2012,2,1,tubes,Win,131.10 - 93.42,131.1,93.42,37.68,,Trev
Rob,2012,2,2,nemazz,Loss,88.84 - 143.84,88.84,143.84,-55,,Sean
Rob,2012,2,3,TrailrparkSuprvisors,Win,104.82 - 66.62,104.82,66.62,38.2,,Bean
Rob,2012,2,4,Bassmaster Classic,Loss,67.72 - 128.14,67.72,128.14,-60.42,,Cory
Rob,2012,2,5,@DadBoner,Loss,25.06 - 54.74,25.06,54.74,-29.68,,Fred
Rob,2012,2,6,Big Fried,Loss,98.58 - 104.10,98.58,104.1,-5.52,,Fried
Rob,2012,2,7,I am The Liquor,Win,81.82 - 64.84,81.82,64.84,16.98,,KB
Rob,2012,2,8,tubes,Loss,115.08 - 121.90,115.08,121.9,-6.82,,Trev
Rob,2012,2,9,the green bastard,Loss,100.60 - 151.10,100.6,151.1,-50.5,,Sammy
Rob,2012,2,10,Di'ago'nilli,Loss,53.26 - 95.26,53.26,95.26,-42,,Jay
Rob,2012,2,11,nemazz,Loss,78.12 - 86.34,78.12,86.34,-8.22,,Sean
Rob,2012,2,12,TrailrparkSuprvisors,Loss,101.96 - 106.54,101.96,106.54,-4.58,,Bean
Rob,2012,2,13,Big Fried,Win,162.82 - 58.64,162.82,58.64,104.18,,Fried
Sammy,2012,2,1,@DadBoner,Win,115.04 - 102.30,115.04,102.3,12.74,,Fred
Sammy,2012,2,2,The Big Dipper,Win,98.76 - 94.62,98.76,94.62,4.14,,Jack
Sammy,2012,2,3,Margotta,Loss,88.52 - 145.46,88.52,145.46,-56.94,,Tyler
Sammy,2012,2,4,nemazz,Loss,107.16 - 154.98,107.16,154.98,-47.82,,Sean
Sammy,2012,2,5,TrailrparkSuprvisors,Loss,106.36 - 129.36,106.36,129.36,-23,,Bean
Sammy,2012,2,6,Bassmaster Classic,Loss,88.70 - 91.98,88.7,91.98,-3.28,,Cory
Sammy,2012,2,7,Di'ago'nilli,Win,131.80 - 102.98,131.8,102.98,28.82,,Jay
Sammy,2012,2,8,@DadBoner,Loss,87.26 - 152.16,87.26,152.16,-64.9,,Fred
Sammy,2012,2,9,Rob Burgundy,Win,151.10 - 100.60,151.1,100.6,50.5,,Rob
Sammy,2012,2,10,tubes,Win,113.98 - 108.94,113.98,108.94,5.04,,Trev
Sammy,2012,2,11,The Big Dipper,Win,106.68 - 85.26,106.68,85.26,21.42,,Jack
Sammy,2012,2,12,Margotta,Win,116.46 - 101.60,116.46,101.6,14.86,,Tyler
Sammy,2012,2,13,Bassmaster Classic,Win,101.32 - 55.30,101.32,55.3,46.02,,Cory
KB,2012,2,1,Big Fried,Win,129.46 - 101.06,129.46,101.06,28.4,,Fried
KB,2012,2,2,tubes,Win,109.84 - 56.74,109.84,56.74,53.1,,Trev
KB,2012,2,3,nemazz,Loss,113.46 - 119.10,113.46,119.1,-5.64,,Sean
KB,2012,2,4,The Big Dipper,Win,142.76 - 98.10,142.76,98.1,44.66,,Jack
KB,2012,2,5,Margotta,Win,110.50 - 99.40,110.5,99.4,11.1,,Tyler
KB,2012,2,6,TrailrparkSuprvisors,Loss,91.76 - 115.12,91.76,115.12,-23.36,,Bean
KB,2012,2,7,Rob Burgundy,Loss,64.84 - 81.82,64.84,81.82,-16.98,,Rob
KB,2012,2,8,Big Fried,Win,115.38 - 81.32,115.38,81.32,34.06,,Fried
KB,2012,2,9,Bassmaster Classic,Win,123.58 - 93.04,123.58,93.04,30.54,,Cory
KB,2012,2,10,@DadBoner,Loss,103.44 - 118.96,103.44,118.96,-15.52,,Fred
KB,2012,2,11,tubes,Loss,66.34 - 103.66,66.34,103.66,-37.32,,Trev
KB,2012,2,12,nemazz,Loss,107.02 - 137.20,107.02,137.2,-30.18,,Sean
KB,2012,2,13,TrailrparkSuprvisors,Loss,69.30 - 92.60,69.3,92.6,-23.3,,Bean
Jay,2012,2,1,Margotta,Loss,108.68 - 115.86,108.68,115.86,-7.18,,Tyler
Jay,2012,2,2,@DadBoner,Loss,77.16 - 97.14,77.16,97.14,-19.98,,Fred
Jay,2012,2,3,Bassmaster Classic,Win,112.06 - 97.88,112.06,97.88,14.18,,Cory
Jay,2012,2,4,Big Fried,Loss,122.12 - 128.08,122.12,128.08,-5.96,,Fried
Jay,2012,2,5,nemazz,Win,130.14 - 109.52,130.14,109.52,20.62,,Sean
Jay,2012,2,6,The Big Dipper,Win,105.22 - 53.80,105.22,53.8,51.42,,Jack
Jay,2012,2,7,the green bastard,Loss,102.98 - 131.80,102.98,131.8,-28.82,,Sammy
Jay,2012,2,8,Margotta,Win,89.18 - 66.18,89.18,66.18,23,,Tyler
Jay,2012,2,9,TrailrparkSuprvisors,Win,131.84 - 80.40,131.84,80.4,51.44,,Bean
Jay,2012,2,10,Rob Burgundy,Win,95.26 - 53.26,95.26,53.26,42,,Rob
Jay,2012,2,11,@DadBoner,Loss,74.36 - 80.24,74.36,80.24,-5.88,,Fred
Jay,2012,2,12,Bassmaster Classic,Win,95.88 - 76.90,95.88,76.9,18.98,,Cory
Jay,2012,2,13,The Big Dipper,Win,92.62 - 90.44,92.62,90.44,2.18,,Jack
Jack,2012,2,1,Bassmaster Classic,Loss,109.62 - 122.68,109.62,122.68,-13.06,,Cory
Jack,2012,2,2,the green bastard,Loss,94.62 - 98.76,94.62,98.76,-4.14,,Sammy
Jack,2012,2,3,@DadBoner,Loss,77.08 - 99.18,77.08,99.18,-22.1,,Fred
Jack,2012,2,4,I am The Liquor,Loss,98.10 - 142.76,98.1,142.76,-44.66,,KB
Jack,2012,2,5,Big Fried,Loss,68.74 - 89.18,68.74,89.18,-20.44,,Fried
Jack,2012,2,6,Di'ago'nilli,Loss,53.80 - 105.22,53.8,105.22,-51.42,,Jay
Jack,2012,2,7,Margotta,Win,100.84 - 54.02,100.84,54.02,46.82,,Tyler
Jack,2012,2,8,Bassmaster Classic,Win,89.68 - 68.24,89.68,68.24,21.44,,Cory
Jack,2012,2,9,nemazz,Loss,62.42 - 93.76,62.42,93.76,-31.34,,Sean
Jack,2012,2,10,TrailrparkSuprvisors,Loss,106.28 - 109.20,106.28,109.2,-2.92,,Bean
Jack,2012,2,11,the green bastard,Loss,85.26 - 106.68,85.26,106.68,-21.42,,Sammy
Jack,2012,2,12,@DadBoner,Loss,73.20 - 125.44,73.2,125.44,-52.24,,Fred
Jack,2012,2,13,Di'ago'nilli,Loss,90.44 - 92.62,90.44,92.62,-2.18,,Jay
Tyler,2012,2,1,Di'ago'nilli,Win,115.86 - 108.68,115.86,108.68,7.18,,Jay
Tyler,2012,2,2,Bassmaster Classic,Win,138.28 - 83.04,138.28,83.04,55.24,,Cory
Tyler,2012,2,3,the green bastard,Win,145.46 - 88.52,145.46,88.52,56.94,,Sammy
Tyler,2012,2,4,tubes,Loss,116.14 - 134.12,116.14,134.12,-17.98,,Trev
Tyler,2012,2,5,I am The Liquor,Loss,99.40 - 110.50,99.4,110.5,-11.1,,KB
Tyler,2012,2,6,@DadBoner,Loss,92.16 - 124.64,92.16,124.64,-32.48,,Fred
Tyler,2012,2,7,The Big Dipper,Loss,54.02 - 100.84,54.02,100.84,-46.82,,Jack
Tyler,2012,2,8,Di'ago'nilli,Loss,66.18 - 89.18,66.18,89.18,-23,,Jay
Tyler,2012,2,9,Big Fried,Loss,73.64 - 110.86,73.64,110.86,-37.22,,Fried
Tyler,2012,2,10,nemazz,Loss,75.56 - 103.20,75.56,103.2,-27.64,,Sean
Tyler,2012,2,11,Bassmaster Classic,Win,87.76 - 82.00,87.76,82,5.76,,Cory
Tyler,2012,2,12,the green bastard,Loss,101.60 - 116.46,101.6,116.46,-14.86,,Sammy
Tyler,2012,2,13,@DadBoner,Loss,69.52 - 110.92,69.52,110.92,-41.4,,Fred
Trev,2012,2,1,Rob Burgundy,Loss,93.42 - 131.10,93.42,131.1,-37.68,,Rob
Trev,2012,2,2,I am The Liquor,Loss,56.74 - 109.84,56.74,109.84,-53.1,,KB
Trev,2012,2,3,Big Fried,Loss,90.00 - 100.90,90,100.9,-10.9,,Fried
Trev,2012,2,4,Margotta,Win,134.12 - 116.14,134.12,116.14,17.98,,Tyler
Trev,2012,2,5,Bassmaster Classic,Win,159.98 - 78.20,159.98,78.2,81.78,,Cory
Trev,2012,2,6,nemazz,Loss,100.26 - 129.46,100.26,129.46,-29.2,,Sean
Trev,2012,2,7,TrailrparkSuprvisors,Win,95.72 - 88.98,95.72,88.98,6.74,,Bean
Trev,2012,2,8,Rob Burgundy,Win,121.90 - 115.08,121.9,115.08,6.82,,Rob
Trev,2012,2,9,@DadBoner,Loss,117.74 - 144.50,117.74,144.5,-26.76,,Fred
Trev,2012,2,10,the green bastard,Loss,108.94 - 113.98,108.94,113.98,-5.04,,Sammy
Trev,2012,2,11,I am The Liquor,Win,103.66 - 66.34,103.66,66.34,37.32,,KB
Trev,2012,2,12,Big Fried,Win,125.60 - 99.98,125.6,99.98,25.62,,Fried
Trev,2012,2,13,nemazz,Win,122.48 - 101.52,122.48,101.52,20.96,,Sean
Cory,2012,2,1,The Big Dipper,Win,122.68 - 109.62,122.68,109.62,13.06,,Jack
Cory,2012,2,2,Margotta,Loss,83.04 - 138.28,83.04,138.28,-55.24,,Tyler
Cory,2012,2,3,Di'ago'nilli,Loss,97.88 - 112.06,97.88,112.06,-14.18,,Jay
Cory,2012,2,4,Rob Burgundy,Win,128.14 - 67.72,128.14,67.72,60.42,,Rob
Cory,2012,2,5,tubes,Loss,78.20 - 159.98,78.2,159.98,-81.78,,Trev
Cory,2012,2,6,the green bastard,Win,91.98 - 88.70,91.98,88.7,3.28,,Sammy
Cory,2012,2,7,@DadBoner,Win,91.52 - 80.16,91.52,80.16,11.36,,Fred
Cory,2012,2,8,The Big Dipper,Loss,68.24 - 89.68,68.24,89.68,-21.44,,Jack
Cory,2012,2,9,I am The Liquor,Loss,93.04 - 123.58,93.04,123.58,-30.54,,KB
Cory,2012,2,10,Big Fried,Loss,61.86 - 89.02,61.86,89.02,-27.16,,Fried
Cory,2012,2,11,Margotta,Loss,82.00 - 87.76,82,87.76,-5.76,,Tyler
Cory,2012,2,12,Di'ago'nilli,Loss,76.90 - 95.88,76.9,95.88,-18.98,,Jay
Cory,2012,2,13,the green bastard,Loss,55.30 - 101.32,55.3,101.32,-46.02,,Sammy
Bean,2011,1,1,Turkish Pizza,Win,108.40 - 99.96,108.4,99.96,8.44,,Trev
Bean,2011,1,2,Big Fried,Loss,79.92 - 111.52,79.92,111.52,-31.6,,Fried
Bean,2011,1,3,#spaggust,Win,107.56 - 96.32,107.56,96.32,11.24,,KB
Bean,2011,1,4,nemazz,Loss,84.94 - 155.62,84.94,155.62,-70.68,,Sean
Bean,2011,1,5,Henne Nut Cherrios,Loss,79.16 - 95.54,79.16,95.54,-16.38,,Tyler
Bean,2011,1,6,Nigelberries-thorn,Win,104.02 - 87.52,104.02,87.52,16.5,,Jay
Bean,2011,1,7,bacardi chazz,Loss,54.02 - 103.78,54.02,103.78,-49.76,,Chaz
Bean,2011,1,8,Turkish Pizza,Win,100.28 - 95.14,100.28,95.14,5.14,,Trev
Bean,2011,1,9,ThorniestOfTheThorns,Win,94.28 - 92.58,94.28,92.58,1.7,,Brandon
Bean,2011,1,10,Bassmaster Classic,Loss,69.64 - 122.60,69.64,122.6,-52.96,,Cory
Bean,2011,1,11,Big Fried,Win,139.60 - 109.46,139.6,109.46,30.14,,Fried
Bean,2011,1,12,#spaggust,Win,124.84 - 81.26,124.84,81.26,43.58,,KB
Bean,2011,1,13,Nigelberries-thorn,Win,131.62 - 66.08,131.62,66.08,65.54,,Jay
Sean,2011,1,1,Henne Nut Cherrios,Win,109.22 - 93.68,109.22,93.68,15.54,,Tyler
Sean,2011,1,2,ThorniestOfTheThorns,Loss,77.34 - 118.72,77.34,118.72,-41.38,,Brandon
Sean,2011,1,3,Bassmaster Classic,Win,126.08 - 120.08,126.08,120.08,6,,Cory
Sean,2011,1,4,The Bean Factory,Win,155.62 - 84.94,155.62,84.94,70.68,,Bean
Sean,2011,1,5,#spaggust,Win,113.42 - 79.04,113.42,79.04,34.38,,KB
Sean,2011,1,6,Texas #Longthorns,Loss,112.78 - 137.16,112.78,137.16,-24.38,,Cory
Sean,2011,1,7,lightning labia,Win,84.00 - 67.66,84,67.66,16.34,,Sammy
Sean,2011,1,8,Henne Nut Cherrios,Loss,81.16 - 125.06,81.16,125.06,-43.9,,Tyler
Sean,2011,1,9,bacardi chazz,Win,120.58 - 88.56,120.58,88.56,32.02,,Chaz
Sean,2011,1,10,Nigelberries-thorn,Win,92.26 - 84.04,92.26,84.04,8.22,,Jay
Sean,2011,1,11,ThorniestOfTheThorns,Win,97.22 - 73.36,97.22,73.36,23.86,,Brandon
Sean,2011,1,12,Bassmaster Classic,Win,142.42 - 50.84,142.42,50.84,91.58,,Cory
Sean,2011,1,13,Texas #Longthorns,Loss,122.94 - 123.86,122.94,123.86,-0.92,,Cory
Tyler,2011,1,1,nemazz,Loss,93.68 - 109.22,93.68,109.22,-15.54,,Sean
Tyler,2011,1,2,Bassmaster Classic,Win,157.90 - 106.88,157.9,106.88,51.02,,Cory
Tyler,2011,1,3,Texas #Longthorns,Win,102.26 - 90.82,102.26,90.82,11.44,,Cory
Tyler,2011,1,4,Turkish Pizza,Win,126.78 - 125.58,126.78,125.58,1.2,,Trev
Tyler,2011,1,5,The Bean Factory,Win,95.54 - 79.16,95.54,79.16,16.38,,Bean
Tyler,2011,1,6,lightning labia,Win,93.36 - 82.40,93.36,82.4,10.96,,Sammy
Tyler,2011,1,7,ThorniestOfTheThorns,Win,110.30 - 83.90,110.3,83.9,26.4,,Brandon
Tyler,2011,1,8,nemazz,Win,125.06 - 81.16,125.06,81.16,43.9,,Sean
Tyler,2011,1,9,#spaggust,Win,160.54 - 102.06,160.54,102.06,58.48,,KB
Tyler,2011,1,10,bacardi chazz,Win,125.88 - 70.02,125.88,70.02,55.86,,Chaz
Tyler,2011,1,11,Bassmaster Classic,Win,130.18 - 61.30,130.18,61.3,68.88,,Cory
Tyler,2011,1,12,Texas #Longthorns,Loss,90.88 - 98.72,90.88,98.72,-7.84,,Cory
Tyler,2011,1,13,lightning labia,Win,107.10 - 82.26,107.1,82.26,24.84,,Sammy
Trev,2011,1,1,The Bean Factory,Loss,99.96 - 108.40,99.96,108.4,-8.44,,Bean
Trev,2011,1,2,#spaggust,Loss,106.42 - 141.80,106.42,141.8,-35.38,,KB
Trev,2011,1,3,Nigelberries-thorn,Win,98.30 - 65.10,98.3,65.1,33.2,,Jay
Trev,2011,1,4,Henne Nut Cherrios,Loss,125.58 - 126.78,125.58,126.78,-1.2,,Tyler
Trev,2011,1,5,ThorniestOfTheThorns,Loss,101.08 - 132.40,101.08,132.4,-31.32,,Brandon
Trev,2011,1,6,bacardi chazz,Loss,78.24 - 90.88,78.24,90.88,-12.64,,Chaz
Trev,2011,1,7,Big Fried,Win,105.00 - 62.54,105,62.54,42.46,,Fried
Trev,2011,1,8,The Bean Factory,Loss,95.14 - 100.28,95.14,100.28,-5.14,,Bean
Trev,2011,1,9,Bassmaster Classic,Loss,83.14 - 98.80,83.14,98.8,-15.66,,Cory
Trev,2011,1,10,Texas #Longthorns,Win,87.00 - 81.58,87,81.58,5.42,,Cory
Trev,2011,1,11,#spaggust,Loss,58.56 - 120.26,58.56,120.26,-61.7,,KB
Trev,2011,1,12,Nigelberries-thorn,Loss,72.10 - 127.08,72.1,127.08,-54.98,,Jay
Trev,2011,1,13,bacardi chazz,Loss,84.80 - 127.08,84.8,127.08,-42.28,,Chaz
Fried,2011,1,1,Nigelberries-thorn,Win,114.68 - 99.06,114.68,99.06,15.62,,Jay
Fried,2011,1,2,The Bean Factory,Win,111.52 - 79.92,111.52,79.92,31.6,,Bean
Fried,2011,1,3,bacardi chazz,Win,113.88 - 103.48,113.88,103.48,10.4,,Chaz
Fried,2011,1,4,ThorniestOfTheThorns,Loss,111.98 - 122.68,111.98,122.68,-10.7,,Brandon
Fried,2011,1,5,Bassmaster Classic,Win,98.04 - 79.58,98.04,79.58,18.46,,Cory
Fried,2011,1,6,#spaggust,Loss,79.42 - 112.56,79.42,112.56,-33.14,,KB
Fried,2011,1,7,Turkish Pizza,Loss,62.54 - 105.00,62.54,105,-42.46,,Trev
Fried,2011,1,8,Nigelberries-thorn,Win,98.98 - 21.60,98.98,21.6,77.38,,Jay
Fried,2011,1,9,Texas #Longthorns,Win,100.70 - 79.94,100.7,79.94,20.76,,Cory
Fried,2011,1,10,lightning labia,Win,107.82 - 78.86,107.82,78.86,28.96,,Sammy
Fried,2011,1,11,The Bean Factory,Loss,109.46 - 139.60,109.46,139.6,-30.14,,Bean
Fried,2011,1,12,bacardi chazz,Loss,83.74 - 116.98,83.74,116.98,-33.24,,Chaz
Fried,2011,1,13,#spaggust,Win,104.16 - 56.32,104.16,56.32,47.84,,KB
Brandon,2011,1,1,Texas #Longthorns,Loss,128.26 - 134.68,128.26,134.68,-6.42,,Cory
Brandon,2011,1,2,nemazz,Win,118.72 - 77.34,118.72,77.34,41.38,,Sean
Brandon,2011,1,3,lightning labia,Win,130.26 - 69.74,130.26,69.74,60.52,,Sammy
Brandon,2011,1,4,Big Fried,Win,122.68 - 111.98,122.68,111.98,10.7,,Fried
Brandon,2011,1,5,Turkish Pizza,Win,132.40 - 101.08,132.4,101.08,31.32,,Trev
Brandon,2011,1,6,Bassmaster Classic,Win,117.10 - 99.70,117.1,99.7,17.4,,Cory
Brandon,2011,1,7,Henne Nut Cherrios,Loss,83.90 - 110.30,83.9,110.3,-26.4,,Tyler
Brandon,2011,1,8,Texas #Longthorns,Loss,70.98 - 128.90,70.98,128.9,-57.92,,Cory
Brandon,2011,1,9,The Bean Factory,Loss,92.58 - 94.28,92.58,94.28,-1.7,,Bean
Brandon,2011,1,10,#spaggust,Win,121.72 - 91.88,121.72,91.88,29.84,,KB
Brandon,2011,1,11,nemazz,Loss,73.36 - 97.22,73.36,97.22,-23.86,,Sean
Brandon,2011,1,12,lightning labia,Win,117.56 - 82.42,117.56,82.42,35.14,,Sammy
Brandon,2011,1,13,Bassmaster Classic,Win,89.62 - 66.02,89.62,66.02,23.6,,Cory
Cory,2011,1,1,lightning labia,Win,100.16 - 82.00,100.16,82,18.16,,Sammy
Cory,2011,1,2,Henne Nut Cherrios,Loss,106.88 - 157.90,106.88,157.9,-51.02,,Tyler
Cory,2011,1,3,nemazz,Loss,120.08 - 126.08,120.08,126.08,-6,,Sean
Cory,2011,1,4,Nigelberries-thorn,Loss,101.68 - 111.24,101.68,111.24,-9.56,,Jay
Cory,2011,1,5,Big Fried,Loss,79.58 - 98.04,79.58,98.04,-18.46,,Fried
Cory,2011,1,6,ThorniestOfTheThorns,Loss,99.70 - 117.10,99.7,117.1,-17.4,,Brandon
Cory,2011,1,7,Texas #Longthorns,Win,101.88 - 85.34,101.88,85.34,16.54,,Cory
Cory,2011,1,8,lightning labia,Loss,111.44 - 125.06,111.44,125.06,-13.62,,Sammy
Cory,2011,1,9,Turkish Pizza,Win,98.80 - 83.14,98.8,83.14,15.66,,Trev
Cory,2011,1,10,The Bean Factory,Win,122.60 - 69.64,122.6,69.64,52.96,,Bean
Cory,2011,1,11,Henne Nut Cherrios,Loss,61.30 - 130.18,61.3,130.18,-68.88,,Tyler
Cory,2011,1,12,nemazz,Loss,50.84 - 142.42,50.84,142.42,-91.58,,Sean
Cory,2011,1,13,ThorniestOfTheThorns,Loss,66.02 - 89.62,66.02,89.62,-23.6,,Brandon
KB,2011,1,1,bacardi chazz,Win,90.10 - 87.78,90.1,87.78,2.32,,Chaz
KB,2011,1,2,Turkish Pizza,Win,141.80 - 106.42,141.8,106.42,35.38,,Trev
KB,2011,1,3,The Bean Factory,Loss,96.32 - 107.56,96.32,107.56,-11.24,,Bean
KB,2011,1,4,lightning labia,Loss,80.62 - 103.18,80.62,103.18,-22.56,,Sammy
KB,2011,1,5,nemazz,Loss,79.04 - 113.42,79.04,113.42,-34.38,,Sean
KB,2011,1,6,Big Fried,Win,112.56 - 79.42,112.56,79.42,33.14,,Fried
KB,2011,1,7,Nigelberries-thorn,Loss,85.70 - 99.92,85.7,99.92,-14.22,,Jay
KB,2011,1,8,bacardi chazz,Win,94.20 - 90.26,94.2,90.26,3.94,,Chaz
KB,2011,1,9,Henne Nut Cherrios,Loss,102.06 - 160.54,102.06,160.54,-58.48,,Tyler
KB,2011,1,10,ThorniestOfTheThorns,Loss,91.88 - 121.72,91.88,121.72,-29.84,,Brandon
KB,2011,1,11,Turkish Pizza,Win,120.26 - 58.56,120.26,58.56,61.7,,Trev
KB,2011,1,12,The Bean Factory,Loss,81.26 - 124.84,81.26,124.84,-43.58,,Bean
KB,2011,1,13,Big Fried,Loss,56.32 - 104.16,56.32,104.16,-47.84,,Fried
Fred,2011,1,1,ThorniestOfTheThorns,Win,134.68 - 128.26,134.68,128.26,6.42,,Brandon
Fred,2011,1,2,lightning labia,Win,125.82 - 94.62,125.82,94.62,31.2,,Sammy
Fred,2011,1,3,Henne Nut Cherrios,Loss,90.82 - 102.26,90.82,102.26,-11.44,,Tyler
Fred,2011,1,4,bacardi chazz,Loss,114.56 - 128.84,114.56,128.84,-14.28,,Chaz
Fred,2011,1,5,Nigelberries-thorn,Win,118.26 - 86.68,118.26,86.68,31.58,,Jay
Fred,2011,1,6,nemazz,Win,137.16 - 112.78,137.16,112.78,24.38,,Sean
Fred,2011,1,7,Bassmaster Classic,Loss,85.34 - 101.88,85.34,101.88,-16.54,,Cory
Fred,2011,1,8,ThorniestOfTheThorns,Win,128.90 - 70.98,128.9,70.98,57.92,,Brandon
Fred,2011,1,9,Big Fried,Loss,79.94 - 100.70,79.94,100.7,-20.76,,Fried
Fred,2011,1,10,Turkish Pizza,Loss,81.58 - 87.00,81.58,87,-5.42,,Trev
Fred,2011,1,11,lightning labia,Win,97.90 - 86.10,97.9,86.1,11.8,,Sammy
Fred,2011,1,12,Henne Nut Cherrios,Win,98.72 - 90.88,98.72,90.88,7.84,,Tyler
Fred,2011,1,13,nemazz,Win,123.86 - 122.94,123.86,122.94,0.92,,Sean
Sammy,2011,1,1,Bassmaster Classic,Loss,82.00 - 100.16,82,100.16,-18.16,,Cory
Sammy,2011,1,2,Texas #Longthorns,Loss,94.62 - 125.82,94.62,125.82,-31.2,,Cory
Sammy,2011,1,3,ThorniestOfTheThorns,Loss,69.74 - 130.26,69.74,130.26,-60.52,,Brandon
Sammy,2011,1,4,#spaggust,Win,103.18 - 80.62,103.18,80.62,22.56,,KB
Sammy,2011,1,5,bacardi chazz,Loss,103.10 - 105.00,103.1,105,-1.9,,Chaz
Sammy,2011,1,6,Henne Nut Cherrios,Loss,82.40 - 93.36,82.4,93.36,-10.96,,Tyler
Sammy,2011,1,7,nemazz,Loss,67.66 - 84.00,67.66,84,-16.34,,Sean
Sammy,2011,1,8,Bassmaster Classic,Win,125.06 - 111.44,125.06,111.44,13.62,,Cory
Sammy,2011,1,9,Nigelberries-thorn,Loss,94.20 - 107.10,94.2,107.1,-12.9,,Jay
Sammy,2011,1,10,Big Fried,Loss,78.86 - 107.82,78.86,107.82,-28.96,,Fried
Sammy,2011,1,11,Texas #Longthorns,Loss,86.10 - 97.90,86.1,97.9,-11.8,,Cory
Sammy,2011,1,12,ThorniestOfTheThorns,Loss,82.42 - 117.56,82.42,117.56,-35.14,,Brandon
Sammy,2011,1,13,Henne Nut Cherrios,Loss,82.26 - 107.10,82.26,107.1,-24.84,,Tyler
Jay,2011,1,1,Big Fried,Loss,99.06 - 114.68,99.06,114.68,-15.62,,Fried
Jay,2011,1,2,bacardi chazz,Win,133.70 - 90.42,133.7,90.42,43.28,,Chaz
Jay,2011,1,3,Turkish Pizza,Loss,65.10 - 98.30,65.1,98.3,-33.2,,Trev
Jay,2011,1,4,Bassmaster Classic,Win,111.24 - 101.68,111.24,101.68,9.56,,Cory
Jay,2011,1,5,Texas #Longthorns,Loss,86.68 - 118.26,86.68,118.26,-31.58,,Cory
Jay,2011,1,6,The Bean Factory,Loss,87.52 - 104.02,87.52,104.02,-16.5,,Bean
Jay,2011,1,7,#spaggust,Win,99.92 - 85.70,99.92,85.7,14.22,,KB
Jay,2011,1,8,Big Fried,Loss,21.60 - 98.98,21.6,98.98,-77.38,,Fried
Jay,2011,1,9,lightning labia,Win,107.10 - 94.20,107.1,94.2,12.9,,Sammy
Jay,2011,1,10,nemazz,Loss,84.04 - 92.26,84.04,92.26,-8.22,,Sean
Jay,2011,1,11,bacardi chazz,Loss,83.24 - 84.40,83.24,84.4,-1.16,,Chaz
Jay,2011,1,12,Turkish Pizza,Win,127.08 - 72.10,127.08,72.1,54.98,,Trev
Jay,2011,1,13,The Bean Factory,Loss,66.08 - 131.62,66.08,131.62,-65.54,,Bean
Chaz,2011,1,1,#spaggust,Loss,87.78 - 90.10,87.78,90.1,-2.32,,KB
Chaz,2011,1,2,Nigelberries-thorn,Loss,90.42 - 133.70,90.42,133.7,-43.28,,Jay
Chaz,2011,1,3,Big Fried,Loss,103.48 - 113.88,103.48,113.88,-10.4,,Fried
Chaz,2011,1,4,Texas #Longthorns,Win,128.84 - 114.56,128.84,114.56,14.28,,Cory
Chaz,2011,1,5,lightning labia,Win,105.00 - 103.10,105,103.1,1.9,,Sammy
Chaz,2011,1,6,Turkish Pizza,Win,90.88 - 78.24,90.88,78.24,12.64,,Trev
Chaz,2011,1,7,The Bean Factory,Win,103.78 - 54.02,103.78,54.02,49.76,,Bean
Chaz,2011,1,8,#spaggust,Loss,90.26 - 94.20,90.26,94.2,-3.94,,KB
Chaz,2011,1,9,nemazz,Loss,88.56 - 120.58,88.56,120.58,-32.02,,Sean
Chaz,2011,1,10,Henne Nut Cherrios,Loss,70.02 - 125.88,70.02,125.88,-55.86,,Tyler
Chaz,2011,1,11,Nigelberries-thorn,Win,84.40 - 83.24,84.4,83.24,1.16,,Jay
Chaz,2011,1,12,Big Fried,Win,116.98 - 83.74,116.98,83.74,33.24,,Fried
Chaz,2011,1,13,Turkish Pizza,Win,127.08 - 84.80,127.08,84.8,42.28,,Trev
